,@BBC compound,@BBC positive,@BBC negative,@BBC neutral,@BBC date,@BBC text,@CBS compound,@CBS positive,@CBS negative,@CBS neutral,@CBS date,@CBS text,@CNN compound,@CNN positive,@CNN negative,@CNN neutral,@CNN date,@CNN text,@foxnews compound,@foxnews positive,@foxnews negative,@foxnews neutral,@foxnews date,@foxnews text,@nytimes compound,@nytimes positive,@nytimes negative,@nytimes neutral,@nytimes date,@nytimes text
0,0.0,0.0,0.0,1.0,Wed Mar 07 19:12:02 +0000 2018,"'Harry was looking at his family for the first time in his life'. 

üíõ‚ö°Ô∏è‚ú® David Thewlis reading #HarryPotter is trul‚Ä¶ https://t.co/wAyCDFvrX2",-0.2023,0.15,0.23,0.619,Wed Mar 07 18:39:10 +0000 2018,"RT @thegoodfight: Meticulously constructed. Soapy &amp; sexy. Intoxicating, savage television. üî• Here's what critics are saying about #TheGoodF‚Ä¶",0.1779,0.072,0.0,0.928,Wed Mar 07 20:17:08 +0000 2018,Amazon could wind up with more than 70 million banking customers over the next five years if it started to offer ch‚Ä¶ https://t.co/qpoXZZYSul,-0.128,0.0,0.077,0.923,Wed Mar 07 20:13:33 +0000 2018,".@PressSec on @POTUS' advisers: ""At the end of the day, the American people voted overwhelmingly for President Dona‚Ä¶ https://t.co/iSiw6ThQ6i",0.0,0.0,0.0,1.0,Wed Mar 07 20:15:06 +0000 2018,School officials called the podcast ‚Äúconcerning‚Äù and said the teacher had been removed from the classroom https://t.co/GIwIdVNGnj
1,0.0,0.0,0.0,1.0,Wed Mar 07 18:23:04 +0000 2018,"‚úÇÔ∏è ‚ÄòMy hair is a symbol of pride.‚Äô

üíáüèΩüíáüèøüíáüèæ Six stories about black women's hair.
üëâ https://t.co/NfNvGpKpVi https://t.co/V1qrRJzwfu",0.0,0.0,0.0,1.0,Wed Mar 07 17:06:02 +0000 2018,"This just in! @Jason_Aldean, @mirandalambert, @LukeBryanOnline, and many more are set to perform at the 53rd Academ‚Ä¶ https://t.co/mfxw2VxzU4",0.0,0.0,0.0,1.0,Wed Mar 07 20:10:39 +0000 2018,Russian President Vladimir Putin in a recent interview separated a conciliatory attitude toward President Trump fro‚Ä¶ https://t.co/gtwgpyCpHz,-0.6908,0.0,0.32,0.68,Wed Mar 07 20:09:53 +0000 2018,Connecticut Governor @GovMalloyOffice: The @NRA Has Become a 'Terrorist Organization' https://t.co/7GmpB2IrU7 https://t.co/KKTyNEBgwm,0.0,0.0,0.0,1.0,Wed Mar 07 20:00:25 +0000 2018,It is believed to be the oldest known message in a bottle ever recovered https://t.co/80UquQH4vs
2,0.4987,0.264,0.0,0.736,Wed Mar 07 17:42:01 +0000 2018,The little mouse that inspired Pikachu is actually a rabbit! https://t.co/AxOQOaK4dS,0.6705,0.244,0.0,0.756,Tue Mar 06 18:10:59 +0000 2018,"Meet the ensemble of talented actors slated to join $1, a new mystery series coming to CBS All Access:‚Ä¶ https://t.co/QoyYv7vxwg",0.8176,0.309,0.0,0.691,Wed Mar 07 20:07:34 +0000 2018,RT @CNNPolitics: Sanders: Veterans Affairs Secretary David Shulkin ‚Äúhas done a great job‚Äù on a number of the things and ‚Äúwe‚Äôre proud of the‚Ä¶,0.743,0.289,0.0,0.711,Wed Mar 07 20:06:46 +0000 2018,".@PressSec on trade talks with China: ""[@POTUS] feels like the United States has been taken advantage of for far to‚Ä¶ https://t.co/1kPgglH79b",0.7096,0.257,0.0,0.743,Wed Mar 07 19:45:05 +0000 2018,"Fans of the book and admirers of Ava DuVernay‚Äôs work can breathe a sigh of relief, and some may also find that thei‚Ä¶ https://t.co/79AxAes6aH"
3,0.0,0.0,0.0,1.0,Wed Mar 07 17:27:29 +0000 2018,"RT @BBCTwo: If you haven't seen #ACSVersace yet, Pen√©lope Cruz as Donatella Versace is everything... https://t.co/lH9kfRGqO2",0.3818,0.167,0.0,0.833,Mon Mar 05 22:16:43 +0000 2018,"Will @Jason_Aldean, @garthbrooks, @LukeBryanOnline, @ChrisStapleton, or @KeithUrban be named Entertainer Of The Yea‚Ä¶ https://t.co/rMD8zjeX3s",-0.1655,0.083,0.109,0.808,Wed Mar 07 20:02:07 +0000 2018,"The US FDA gave its approval to a 23andMe test that screens for a few breast and ovarian cancer genes, but that app‚Ä¶ https://t.co/1CxE97nx2g",-0.2263,0.063,0.107,0.829,Wed Mar 07 20:02:17 +0000 2018,".@PressSec on admin resignations: ""This is an intense place, as [is] every @WhiteHouse, and it's not abnormal that‚Ä¶ https://t.co/A11fP4JkLU",0.1366,0.218,0.196,0.587,Wed Mar 07 19:30:27 +0000 2018,South Korean envoys were not prepared for how daring Kim Jong-un could be in his charm offensive https://t.co/JjLTugDYxv
4,0.0,0.0,0.0,1.0,Wed Mar 07 17:22:51 +0000 2018,"RT @BBCBreakfast: In many ways Hedy Lamarr was the archetypal Hollywood starlet, but the Austrian born actress was also an inventor and the‚Ä¶",0.4404,0.116,0.0,0.884,Sun Mar 04 08:05:26 +0000 2018,"RT @thegoodfight: It feels good to be back. üë†üíÑüî• The season 2 premiere of #TheGoodFight is now streaming, exclusively on CBS All Access: htt‚Ä¶",0.0,0.0,0.0,1.0,Wed Mar 07 19:59:31 +0000 2018,"RT @CNNPolitics: CNN's Jeff Zeleny: Was President Trump aware of the payment made to Stormy Daniels?

Sanders: ""The President has addressed‚Ä¶",-0.3818,0.0,0.167,0.833,Wed Mar 07 19:57:21 +0000 2018,".@PressSec: ""@SenSchumer is blocking nominees indiscriminately. He forces time-wasting procedural votes on nominees‚Ä¶ https://t.co/PlGewVUYix",0.0,0.0,0.0,1.0,Wed Mar 07 19:15:13 +0000 2018,"RT @danielle_ivory: Hundreds of former Trump campaign workers have been hired at every major federal agency. At the White House, there have‚Ä¶"
5,0.8555,0.37,0.0,0.63,Wed Mar 07 17:22:23 +0000 2018,RT @BBCScotlandNews: A Scottish school has won a prestigious award for its pioneering work helping children with their reading and writing‚Ä¶,0.0,0.0,0.0,1.0,Sat Mar 03 20:55:20 +0000 2018,"RT @thegoodfight: Tomorrow, #TheGoodFight is back. Stream the season 2 premiere only on CBS All Access: https://t.co/tNFR8LBJO2 https://t.c‚Ä¶",0.0,0.0,0.0,1.0,Wed Mar 07 19:58:37 +0000 2018,Jaguar reveals its first electric SUV https://t.co/d9zbBNs5sn https://t.co/f5Oj3Rbx9O,0.0,0.0,0.0,1.0,Wed Mar 07 19:45:55 +0000 2018,.@PressSec holds a White House briefing.  https://t.co/9P6qJX3VQm,0.0,0.0,0.0,1.0,Wed Mar 07 19:00:38 +0000 2018,"The cells that eat, regurgitate and then re-eat your tattoos https://t.co/YqPl80y1TI"
6,0.0,0.0,0.0,1.0,Wed Mar 07 17:16:45 +0000 2018,RT @bbceurovision: A storm is coming.@surieofficial  ‚õà üëâ https://t.co/LYIiBgcZdA https://t.co/heOKLnjo2N,0.7096,0.247,0.0,0.753,Fri Mar 02 22:30:01 +0000 2018,"Who are the trailblazing women in your life that inspire you? Join CBS and the ANA's #SeeHer initiative, celebratin‚Ä¶ https://t.co/M0KqZ41Bes",0.0,0.0,0.0,1.0,Wed Mar 07 19:56:03 +0000 2018,"RT @CNNPolitics: White House press secretary Sarah Sanders on staff turnover at the White House: ""It's not abnormal that you would have peo‚Ä¶",-0.6908,0.0,0.37,0.63,Wed Mar 07 19:27:52 +0000 2018,Connecticut Governor: The NRA Has Become 'Terrorist Organization' https://t.co/YKeBWSBmdr,-0.6361,0.095,0.285,0.62,Wed Mar 07 18:50:09 +0000 2018,Peter Thiel warned for years that the big tech companies were arrogant and clueless and less good for mankind than‚Ä¶ https://t.co/CDL27t8iu2
7,0.5562,0.183,0.0,0.817,Wed Mar 07 17:14:49 +0000 2018,RT @BBCTwo: Nostalgia heaven! How many of these 80s &amp; 90s things can you remember? ü§î #BackInTimeForTea https://t.co/l0R6nHrTj1,0.7096,0.282,0.0,0.718,Fri Mar 02 20:30:01 +0000 2018,"Join @maria_bello, @aishatyler and @TeaLeoni in celebrating the accomplishments of women who have contributed to th‚Ä¶ https://t.co/MefESBeFL3",0.8225,0.323,0.0,0.677,Wed Mar 07 19:50:04 +0000 2018,"Inspired by a TED Talk, this 16 year-old boy started a pilot program that hires homeless people to help clean up Sa‚Ä¶ https://t.co/VqFLfMYSc9",0.0,0.0,0.0,1.0,Wed Mar 07 19:18:17 +0000 2018,Patriotic Teens Replace Family's Tattered American Flag https://t.co/4o6xzuDxKW,-0.6124,0.0,0.238,0.762,Wed Mar 07 18:40:42 +0000 2018,‚ÄúThis is basically going to war.‚Äù California‚Äôs governor struck back after Attorney General Jeff Sessions attacked t‚Ä¶ https://t.co/CwetPpkj9a
8,0.0,0.0,0.0,1.0,Wed Mar 07 17:13:49 +0000 2018,"üìñ Time to 'embiggen' your vocabulary.

A new word, first heard on @TheSimpsons in 1996, has been added to the‚Ä¶ https://t.co/qGvkGgjAcB",0.4939,0.151,0.0,0.849,Fri Mar 02 18:45:00 +0000 2018,"In honor of Women's History Month, CBS and the Association of National Advertisers' (ANA) #SeeHer initiative will p‚Ä¶ https://t.co/2wtYxKJVuO",0.0,0.0,0.0,1.0,Wed Mar 07 19:47:41 +0000 2018,"The White House is holding a press briefing. Watch CNN: https://t.co/UYpqI3w42L

Watch on Facebook:‚Ä¶ https://t.co/FmrnhiDRuu",-0.0258,0.168,0.174,0.659,Wed Mar 07 19:04:10 +0000 2018,North Korean defector describes nation's perception of United States; @EricShawnTV reports. #OutnumberedOT https://t.co/eAjIACofoO,-0.2732,0.0,0.11,0.89,Wed Mar 07 18:27:53 +0000 2018,Should Germany‚Äôs national anthem drop the words ‚Äúfatherland‚Äù and ‚Äúbrotherly‚Äù? An official suggested some ways to ma‚Ä¶ https://t.co/mtjTh840M2
9,0.0,0.0,0.0,1.0,Wed Mar 07 16:15:06 +0000 2018,RT @bbccomedy: WOOF! ‚ù§Ô∏è#RikMayallDay https://t.co/ioJtvYVFRO,-0.6981,0.0,0.21,0.79,Thu Mar 01 18:59:01 +0000 2018,RT @ZoeListerJones: Tonight‚Äôs an all new Life In Pieces and it‚Äôs directed by my ride or die @nataliaanderson!!!‚Ä¶ https://t.co/2LPfmyLWrY,0.0,0.0,0.0,1.0,Wed Mar 07 19:40:08 +0000 2018,"The creator of Pepe the Frog, the once-innocent cartoon that was appropriated as a mascot of the alt-right, is suin‚Ä¶ https://t.co/DYmjDxHd7H",-0.7579,0.0,0.317,0.683,Wed Mar 07 18:58:16 +0000 2018,"BREAKING NEWS: Nikolas Cruz formally charged with 17 counts of murder in Valentine‚Äôs Day massacre
https://t.co/dPIkZIM2Ce",-0.1293,0.062,0.126,0.812,Wed Mar 07 18:12:50 +0000 2018,"A week's worth of gas. A few gallons of milk. Few are complaining, but many in the working class are not feeling fl‚Ä¶ https://t.co/sB9O02xef3"
10,0.0,0.0,0.0,1.0,Wed Mar 07 14:30:03 +0000 2018,üò± The most hardcore baptism you‚Äôll ever see. https://t.co/aEsVqMUPQ2,0.4547,0.159,0.092,0.749,Thu Mar 01 18:12:57 +0000 2018,"RT @MarenMorris: Hot damn! Woke up from my post-wisdom teeth haze to find out I‚Äôm up for 4 @ACMawards ! So honored, especially for the Dear‚Ä¶",0.0,0.0,0.0,1.0,Wed Mar 07 19:30:30 +0000 2018,"""Mueller is closing in"": California Gov. Jerry Brown taunts Attorney General Jeff Sessions and President Trump afte‚Ä¶ https://t.co/xbgYruQvAv",0.0,0.0,0.0,1.0,Wed Mar 07 18:54:19 +0000 2018,".@kayleighmcenany on #TXprimary: ""Not a blue wave at all... We had a half million more voters."" #OutnumberedOT https://t.co/ItayHmASza",0.5423,0.176,0.0,0.824,Wed Mar 07 18:00:40 +0000 2018,"The number of public psychiatric beds in the U.S. has plunged, and the need for acute care is pressing. But what to‚Ä¶ https://t.co/mt8k1ew9yN"
11,0.1742,0.14,0.109,0.751,Wed Mar 07 13:24:05 +0000 2018,"#InternationalWomensDay is tomorrow, so there's no better time to test how much you know about female suffrage.
üëâ‚Ä¶ https://t.co/6ulqfr8zyL",0.8591,0.538,0.0,0.462,Thu Mar 01 18:11:50 +0000 2018,RT @KelseaBallerini: Ohhhhh goodness. Incredible. Thank you thank you thank you. #female https://t.co/1ZTYjNfQeF,-0.6249,0.0,0.298,0.702,Wed Mar 07 19:20:17 +0000 2018,Jack Daniel's could be an 'unfortunate and unintended victim' of Trump tariffs https://t.co/9HmsYSslpb https://t.co/Kb7jsKBtTg,0.0,0.0,0.0,1.0,Wed Mar 07 18:48:37 +0000 2018,U.S. Senate primary election in Texas - Total votes. https://t.co/S8pgT71CYq,-0.4939,0.0,0.144,0.856,Wed Mar 07 17:54:59 +0000 2018,"Breaking News: An ex-Russian spy and his daughter were poisoned by a nerve agent in England, the police said, raisi‚Ä¶ https://t.co/Puh2ttTkSL"
12,-0.6369,0.082,0.321,0.597,Wed Mar 07 12:30:04 +0000 2018,üöÇüíÄ All aboard London's Victorian railway for the dead. https://t.co/L7vJO4ybeD,0.4885,0.234,0.151,0.615,Thu Mar 01 18:10:50 +0000 2018,RT @KeithUrban: ACMs...... HOLY SMOKES!!!!! MAD LOVE TO U ALL THIS MORNING  FOR THESE INCREDIBLE NOMINATIONS. I‚ÄôM EXTREMELY GRATEFUL!!!!!!!‚Ä¶,-0.2732,0.0,0.116,0.884,Wed Mar 07 19:10:53 +0000 2018,"After dedicating his season to Parkland victim Joaquin Oliver, NBA star @DwyaneWade visited Marjory Stoneman Dougla‚Ä¶ https://t.co/H7fukyxKrL",0.7351,0.327,0.097,0.575,Wed Mar 07 18:48:09 +0000 2018,".@kayleighmcenany: ""@POTUS won Pennsylvania, Wisconsin - states no Republican has won since the 1980s. These states‚Ä¶ https://t.co/DklVOI583M",0.0,0.0,0.0,1.0,Wed Mar 07 17:47:40 +0000 2018,"The database, assembled through hundreds of open records requests: https://t.co/qmIcm8RXvL"
13,0.0,0.0,0.0,1.0,Wed Mar 07 11:42:44 +0000 2018,"üòç The first polar bear cub to be born in the UK for 25 years has emerged at the @RZSS's @HighlandWPark!
üëâ‚Ä¶ https://t.co/4fhzBaxwjF",0.5994,0.178,0.0,0.822,Thu Mar 01 14:36:21 +0000 2018,"RT @ACMawards: Congratulations to this year‚Äôs #ACMawards Video of the Year nominees:
‚ÄúBlack‚Äù - @DierksBentley
‚ÄúIt Ain‚Äôt My Fault‚Äù - @Brothe‚Ä¶",0.0,0.0,0.0,1.0,Wed Mar 07 19:00:23 +0000 2018,A senior official at the Department of Health and Human Services returned to work this week after being placed on a‚Ä¶ https://t.co/bai7A2a4TI,0.3182,0.15,0.0,0.85,Wed Mar 07 18:45:34 +0000 2018,".@Zac_Petkanas on #TXPrimary: ""We had a 105% increase in primary turnout over 2014."" #OutnumberedOT https://t.co/VygXUenluE",0.25,0.105,0.0,0.895,Wed Mar 07 17:45:49 +0000 2018,"A database of the employees, assembled by ProPublica, offers a comprehensive look at how Trump is influencing the d‚Ä¶ https://t.co/7KQuMGN1RS"
14,-0.2244,0.0,0.076,0.924,Wed Mar 07 11:07:18 +0000 2018,"RT @bbccomedy: Today would have been the 60th birthday of the legend, the genius, the king Rik Mayall. We miss you, sir! #RikMayallDay http‚Ä¶",0.7717,0.325,0.0,0.675,Thu Mar 01 14:29:20 +0000 2018,"RT @ACMawards: Please give a round of applause to this year‚Äôs #ACMawards Entertainer of the Year nominees: @Jason_Aldean, @GarthBrooks, @Lu‚Ä¶",-0.0191,0.063,0.066,0.871,Wed Mar 07 18:52:26 +0000 2018,"RT @CNNnewsroom: Former US Ambassador to China Max Baucus says Jared Kushner ""will not be taken seriously"" on foreign trips without top sec‚Ä¶",0.2933,0.175,0.0,0.825,Wed Mar 07 18:43:55 +0000 2018,".@RepPeteKing: ""Democrats want this to never end... There's no evidence at all of any Russian collusion.""‚Ä¶ https://t.co/rb6o5sS3Ez",-0.6249,0.0,0.177,0.823,Wed Mar 07 17:44:03 +0000 2018,The Trump administration has hired at least 187 former lobbyists and 125 people with ties to conservative think tan‚Ä¶ https://t.co/Jknl13waaj
15,-0.4404,0.0,0.132,0.868,Wed Mar 07 10:46:56 +0000 2018,The wreck of a US aircraft carrier that was sunk during WW2 has been found off the coast of Australia. https://t.co/8NQfRdFXTE,0.6908,0.275,0.0,0.725,Thu Mar 01 14:15:29 +0000 2018,".@ChrisStapleton, @ThomasRhett, @mirandalambert and more are all nominated for awards at Country Music's Party of t‚Ä¶ https://t.co/Vm1vXRUDYJ",0.0,0.0,0.0,1.0,Wed Mar 07 18:50:08 +0000 2018,"Trump vs. California, again and again and again | Analysis by @zbyronwolf¬†https://t.co/b5kJRWzsYK https://t.co/YVbcMrIG5l",0.4215,0.157,0.0,0.843,Wed Mar 07 18:42:36 +0000 2018,"RT @FoxBusiness: .@Target raises minimum wage to $12, with hopes of hitting $15 by 2020   https://t.co/G6X0SMQJUC",0.25,0.19,0.155,0.655,Wed Mar 07 17:43:52 +0000 2018,"""The greatest challenge to lasting weight loss is the fact that no one can give up eating. Rather, one has to learn‚Ä¶ https://t.co/2sxwOrYwqM"
16,0.4927,0.225,0.0,0.775,Wed Mar 07 10:41:15 +0000 2018,RT @BBCFOUR: There's a very good reason this extreme firework was banned... https://t.co/pdfpcDiJ4h,0.0,0.0,0.0,1.0,Thu Mar 01 13:50:11 +0000 2018,"The Queen of Country, @Reba, is returning to host the 53rd #ACMawards on Sunday, April 15 at 8/7c. Here are a few o‚Ä¶ https://t.co/Iqzz6Gql01",0.1779,0.096,0.0,0.904,Wed Mar 07 18:40:14 +0000 2018,"Amazon is offering Medicaid recipients a Prime Membership for $5.99 a month, a 54% discount from the normal rate‚Ä¶ https://t.co/ETTiAXQMHF",0.4767,0.193,0.0,0.807,Wed Mar 07 18:33:05 +0000 2018,"Google's artificial intelligence is being used by US military drone program, prompting concerns‚Ä¶ https://t.co/bdWNtsvNL4",-0.3818,0.0,0.106,0.894,Wed Mar 07 17:27:52 +0000 2018,An opponent of the bill has said he would fight it: ‚ÄúI will present an amendment that the frontage road be designat‚Ä¶ https://t.co/XnkXDs10it
17,0.4404,0.211,0.108,0.681,Wed Mar 07 09:58:38 +0000 2018,"RT @CBeebiesHQ: 3 out of 4 parents wouldn‚Äôt be able to save their baby from choking. 

Learn how to help in a first aid emergency‚Ä¶https://t‚Ä¶",0.0,0.0,0.0,1.0,Thu Mar 01 01:04:52 +0000 2018,RT @survivorcbs: It‚Äôs time! #Survivor https://t.co/YPk6cGWrUA,0.2187,0.13,0.095,0.774,Wed Mar 07 18:30:04 +0000 2018,"66% of Millennials have nothing saved for retirement, a new report shows. Of those who do save, most have less than‚Ä¶ https://t.co/sJ90rOqodE",0.0,0.0,0.0,1.0,Wed Mar 07 18:27:48 +0000 2018,Nikolas Cruz's jail records reveal details of gunman's behavior in days after Florida school shooting https://t.co/T7xE2t30AW,0.0,0.0,0.0,1.0,Wed Mar 07 17:26:18 +0000 2018,"A Utah lawmaker has introduced a bill that would rename the state‚Äôs most scenic route, which rolls through iconic n‚Ä¶ https://t.co/w2EmEqaALT"
18,0.0,0.0,0.0,1.0,Wed Mar 07 09:00:07 +0000 2018,A moving story of how one woman transformed Alzheimer‚Äôs research forever. ‚ù§Ô∏èhttps://t.co/2fwJDbWT8x,0.0,0.0,0.0,1.0,Wed Feb 28 19:56:58 +0000 2018,"RT @CBSThisMorning: TOMORROW: The nominees for the 2018 @ACMawards will be announced live by the one-and-only, @Reba! 

Watch on @CBS in ou‚Ä¶",-0.25,0.068,0.114,0.818,Wed Mar 07 18:20:41 +0000 2018,Chris Cuomo asks Sen. Ted Cruz why he‚Äôs criticizing his Democratic challenger Beto O‚ÄôRourke for going by the childh‚Ä¶ https://t.co/SY0Wjd9AlG,-0.5154,0.102,0.232,0.666,Wed Mar 07 18:21:02 +0000 2018,".@DarrellIssa: ""This is making my state less safe. And shame on my governor. Shame on my attorney general... Shame‚Ä¶ https://t.co/bWQaKIuQRM",0.0,0.0,0.0,1.0,Wed Mar 07 17:18:08 +0000 2018,"RT @EricLiptonNYT: JUST POSTED: Trump admin has appointed at least 254 former Trump campaign staffers, in spots across federal government,‚Ä¶"
19,0.4926,0.175,0.0,0.825,Wed Mar 07 08:46:22 +0000 2018,RT @BBCOne: They've smashed the record for the highest profit EVER on Antiques Road Trip! üò≤ https://t.co/TNuRcp2EOq,0.4404,0.116,0.0,0.884,Wed Feb 28 19:08:30 +0000 2018,"RT @thegoodfight: From the set design and costumes to hair and makeup, the production quality is truly next-level. Take a peek inside the u‚Ä¶",-0.2263,0.0,0.112,0.888,Wed Mar 07 18:10:08 +0000 2018,Donald Trump's alias and 7 other 'wow' moments from the Stormy Daniels lawsuit | Analysis by @CillizzaCNN‚Ä¶ https://t.co/nyBqnBtfLi,0.4019,0.13,0.0,0.87,Wed Mar 07 18:14:29 +0000 2018,".@Judgenap: ""The Democratic Party that runs California is so beholden to the immigrant rights groups it is willing‚Ä¶ https://t.co/gidYEfWrpa",0.0,0.0,0.0,1.0,Wed Mar 07 17:15:10 +0000 2018,"The Vatican announced that Pope Paul VI and the slain Salvadoran Archbishop √ìscar Romero will be made saints, after‚Ä¶ https://t.co/BQXYsA0ojj"
20,0.4215,0.109,0.0,0.891,Wed Mar 07 08:46:14 +0000 2018,"RT @bbc5live: What happens to your old paint?

A scheme in Leeds to recycle unused paint has saved hundreds of tons of leftovers from endin‚Ä¶",0.5562,0.152,0.0,0.848,Tue Feb 27 03:23:47 +0000 2018,RT @LivinBiblically: The fun continues on Facebook! The #LivingBiblically cast is live to talk about tonight‚Äôs premiere. Tune in here: http‚Ä¶,0.296,0.145,0.0,0.855,Wed Mar 07 18:00:05 +0000 2018,Oprah Winfrey has sold about a quarter of her shares in Weight Watchers https://t.co/iLVC9CcEle https://t.co/Utg5FrrPuf,-0.6249,0.0,0.242,0.758,Wed Mar 07 18:10:36 +0000 2018,".@DarrellIssa: ""When California thwarts the law, those criminals don't all stay in California. They'll go to adjace‚Ä¶ https://t.co/Pu23SejFLm",0.5994,0.221,0.077,0.701,Wed Mar 07 17:12:07 +0000 2018,"RT @nytimesarts: ‚ÄúA Wrinkle in Time‚Äù is faithful to the affirmative, democratic intelligence of the book, our critic A.O. Scott writes http‚Ä¶"
21,-0.6808,0.0,0.211,0.789,Wed Mar 07 08:45:50 +0000 2018,"RT @BBCTwo: When this father and daughter paddled into the sea, they had no idea how much danger they were in... #SavingLivesAtSea https://‚Ä¶",0.0,0.0,0.0,1.0,Mon Feb 26 22:50:32 +0000 2018,"RT @KevinCanWaitCBS: Can you get all the way through these #KevinCanWait bloopers without laughing?! @KevinJames,@LeahRemini and the rest o‚Ä¶",-0.4939,0.0,0.151,0.849,Wed Mar 07 17:48:53 +0000 2018,"JUST IN: Former Russian spy Sergei Skripal and his daughter Yulia were poisoned intentionally with a nerve agent, U‚Ä¶ https://t.co/eCd5DCR9Eb",-0.5106,0.0,0.148,0.852,Wed Mar 07 18:06:46 +0000 2018,".@AGBecerra: ""You could trace all of this back to the fact that... the Trump Administration has just failed utterly‚Ä¶ https://t.co/uGeDeDY6Ei",0.1779,0.096,0.0,0.904,Wed Mar 07 17:00:30 +0000 2018,Amazon will offer a discount on its Prime membership program to the millions of recipients of Medicaid https://t.co/etPOjTD2Jj
22,0.4215,0.123,0.0,0.877,Wed Mar 07 08:44:59 +0000 2018,"RT @cbbc: There are over 128,000 children in the UK without a home.

Watch CBBC's powerful documentary about homeless children on @BBCiPlay‚Ä¶",0.0,0.0,0.0,1.0,Mon Feb 26 21:08:30 +0000 2018,"RT @ACMawards: That‚Äôs right! @Reba is headed to @CBSThisMorning on Thursday, March 1 to announce this year‚Äôs #ACMAwards' nominees. Tune in‚Ä¶",0.2263,0.164,0.118,0.718,Wed Mar 07 17:42:14 +0000 2018,Massive billboards in New York's Times Square honor victims of the Florida high school shooting‚Ä¶ https://t.co/owKxfwfrXQ,0.0,0.0,0.0,1.0,Wed Mar 07 18:00:35 +0000 2018,"Sessions unloads on California Dems for ‚Äòradical, open borders agenda‚Äô https://t.co/mEVgdv3CGT",0.0,0.0,0.0,1.0,Wed Mar 07 16:45:13 +0000 2018,"On Queer Eye, @Antoni Porowski imparts lessons in home cooking that often involve ü•ë. Some might say too often. But‚Ä¶ https://t.co/VJpLYh1UZU"
23,-0.8591,0.0,0.373,0.627,Wed Mar 07 08:30:07 +0000 2018,"Dirty water kills millions every year. 

But one ingenious invention can remove dangerous microbes as they flow tow‚Ä¶ https://t.co/isjxUnr3Dp",0.4482,0.105,0.0,0.895,Mon Feb 26 19:53:41 +0000 2018,"RT @ScorpionCBS: You can't hack your way to a 197 IQ, but you are well on your way with these Genius Facts from #TeamScorpion! üíª You can be‚Ä¶",0.5994,0.262,0.0,0.738,Wed Mar 07 17:34:33 +0000 2018,Why Wall Street loved Gary Cohn inside the White House https://t.co/5I8DncHX2b https://t.co/EGtDEdbHyQ,0.0,0.0,0.0,1.0,Wed Mar 07 17:59:26 +0000 2018,RT @FoxBusiness: Gary Cohn and the meeting that may have ended his White House role https://t.co/RoHNVDAUZ1,0.0,0.0,0.0,1.0,Wed Mar 07 16:36:04 +0000 2018,"More than 2,000 flights had been canceled across the country on Wednesday, many at airports in the storm‚Äôs path https://t.co/eRJc93XZ9O"
24,0.5994,0.231,0.0,0.769,Wed Mar 07 08:00:04 +0000 2018,"La Dame de Brassempouy is a beautiful 25,000 year-old representation of a female face. 
#Civilisations https://t.co/aKGUlvJFGF",0.784,0.266,0.0,0.734,Mon Feb 26 18:32:36 +0000 2018,RT @SuperiorDonuts: You can always count on @DavidKoechner for a laugh! Did your favorite Tush moment make the list? Catch a new #SuperiorD‚Ä¶,0.0,0.0,0.0,1.0,Wed Mar 07 17:21:06 +0000 2018,Uber says it has started using self-driving trucks to haul freight in Arizona https://t.co/jZ0bzj4rKy https://t.co/KdpaF94QtA,-0.4215,0.0,0.167,0.833,Wed Mar 07 17:56:39 +0000 2018,".@ChelseaClinton pushes #MeToo, but gets no questions on @BillClinton's actions or Harvey Weinstein donations. https://t.co/ZokQijpJA5",0.4404,0.225,0.0,0.775,Wed Mar 07 16:30:27 +0000 2018,Bricklayers think they‚Äôre safe from robots. Decide for yourself. https://t.co/USUzR5wJ3Y https://t.co/RTYSyyK79c
25,0.0,0.0,0.0,1.0,Tue Mar 06 19:30:06 +0000 2018,"üòÇüôä Who has a filthier mouth, Jennifer Lawrence or James McAvoy? https://t.co/lOfGcHVo6R",0.9359,0.429,0.0,0.571,Mon Feb 26 18:20:16 +0000 2018,RT @TheTalkCBS: TODAY: We loved them together then &amp; we love seeing them together now! Welcome back to the show @THESaraGilbert‚Äã's good fri‚Ä¶,-0.7003,0.0,0.279,0.721,Wed Mar 07 17:15:14 +0000 2018,"Attorney General Jeff Sessions takes his war against sanctuary cities to California, announcing a federal lawsuit a‚Ä¶ https://t.co/OTCz5W5hzb",0.3612,0.135,0.0,0.865,Wed Mar 07 17:54:39 +0000 2018,".@guypbenson: ""@BillClinton... is like the poster child of anti-#MeToo for much of his adult life."" #Outnumbered https://t.co/vtp9wlDKZ3",-0.4951,0.079,0.201,0.72,Wed Mar 07 16:23:02 +0000 2018,Business leaders are lamenting the loss of one of their own from what is among the U.S.‚Äôs most important economic p‚Ä¶ https://t.co/jQSiXJWgIC
26,-0.4215,0.0,0.219,0.781,Tue Mar 06 18:30:07 +0000 2018,"A diver swims through a thick soup of plastic waste near Bali.
https://t.co/W8GJNKq8rm",-0.5423,0.0,0.184,0.816,Mon Feb 26 16:53:56 +0000 2018,"RT @thegoodfight: As foundations begin to crumble, our characters struggle to make sense of this new dystopian world. The cast teases what'‚Ä¶",0.0772,0.061,0.0,0.939,Wed Mar 07 17:07:32 +0000 2018,"Over 1.3 million live animals and plants, and a similar number of animal skins, have been exported from Africa to A‚Ä¶ https://t.co/64sLnj03ZW",-0.4404,0.225,0.295,0.48,Wed Mar 07 17:50:43 +0000 2018,"Ingraham Hits Back at Bush Over Trump Jab: Endless War, Financial Crisis Was Not 'Pretty Good' https://t.co/sseZLyAxxb",0.2023,0.31,0.273,0.417,Wed Mar 07 16:15:10 +0000 2018,"If ""The Bachelor"" is love, our watchers agree, let's all die alone https://t.co/xc05ijrKCu"
27,0.4939,0.127,0.0,0.873,Tue Mar 06 18:03:04 +0000 2018,"Every day around the UK, an army of unpaid volunteers put their lives on the line to try and save complete stranger‚Ä¶ https://t.co/W3Fel1iPSK",0.0,0.0,0.0,1.0,Mon Feb 26 16:52:01 +0000 2018,"#LivingBiblically's @linzkraft and @jrfergjr appeared on @KCBS's Facebook Live this morning, talking all about what‚Ä¶ https://t.co/4RebcHuuMQ",0.0,0.0,0.0,1.0,Wed Mar 07 17:00:02 +0000 2018,"The world's oldest known message in a bottle has been found on an Australian beach, nearly 132 years after it was t‚Ä¶ https://t.co/s4iFCytB6t",-0.4939,0.0,0.176,0.824,Wed Mar 07 17:41:52 +0000 2018,"Breaking News: Ex-Russian spy, daughter poisoned by nerve agent in ‚Äòtargeted‚Äô act, British authorities say https://t.co/kOruZVejf8",0.2023,0.087,0.0,0.913,Wed Mar 07 16:06:02 +0000 2018,"Stocks fell in early trading on Wall Street, a day after President Trump‚Äôs top economic adviser, Gary Cohn, said he‚Ä¶ https://t.co/u6bhiuVrqN"
28,-0.1027,0.165,0.185,0.65,Tue Mar 06 17:30:07 +0000 2018,"Impressive and terrifying in equal measure. 

This woman doesn't just sleepwalk... she sleep-drives too. https://t.co/Ovwb4dNaYJ",0.0,0.0,0.0,1.0,Mon Feb 26 16:17:55 +0000 2018,"RT @CBSSports: Introducing CBS Sports HQ, a New 24/7 Direct-to-Consumer Streaming Network for Sports News, Highlights, &amp; Analysis.

Stream‚Ä¶",-0.4588,0.0,0.15,0.85,Wed Mar 07 16:52:18 +0000 2018,The Taliban banned women from being journalists in Afghanistan. Now the country has an all-female television networ‚Ä¶ https://t.co/CnI4J1fei8,0.0,0.0,0.0,1.0,Wed Mar 07 17:40:00 +0000 2018,"""After years of rebuilding other countries - and we have built a lot of countries - it's time to start building our‚Ä¶ https://t.co/s5jQPJFuwp",-0.5256,0.0,0.166,0.834,Wed Mar 07 16:00:30 +0000 2018,"In Opinion

Op-Ed contributor Victor Blue writes, ""Afghanistan is more dangerous for civilians than ever. Without r‚Ä¶ https://t.co/pvvpG3xXYZ"
29,0.0,0.0,0.0,1.0,Tue Mar 06 17:25:44 +0000 2018,RT @bbcwritersroom: New #Brexit #comedy Soft Border Patrol is set on the border between #NorthernIreland and the Republic of #Ireland. We p‚Ä¶,0.7644,0.231,0.0,0.769,Mon Feb 26 01:12:32 +0000 2018,"RT @CBSBigBrother: It‚Äôs down to the final 5 celebrity Houseguests, and anyone could take home the grand prize! Tune in NOW to watch the #BB‚Ä¶",0.7269,0.276,0.0,0.724,Wed Mar 07 16:50:39 +0000 2018,"Barbie has introduced new dolls honoring heroines such as aviator Amelia Earhart, artist and activist Frida Kahlo,‚Ä¶ https://t.co/MrsIZ5AA4D",0.5574,0.223,0.0,0.777,Wed Mar 07 17:36:00 +0000 2018,"""The American dream is back and stronger than ever.""

WATCH: President @realDonaldTrump's full remarks to the Latin‚Ä¶ https://t.co/WrTzQ4oUBZ",0.2023,0.083,0.0,0.917,Wed Mar 07 15:51:07 +0000 2018,"The picture shows a boy perched on a sofa, reaching for a pink flower. It's the sort of snapshot parents all over t‚Ä¶ https://t.co/UlAZ7auLOe"
30,0.3182,0.119,0.0,0.881,Tue Mar 06 17:02:04 +0000 2018,üêß Scientists have stumbled across a huge group of previously unknown Ad√©lie penguins on the most northerly point of‚Ä¶ https://t.co/3GQ8PlQyMY,0.0,0.0,0.0,1.0,Sun Feb 25 21:51:32 +0000 2018,RT @startrekcbs: Binge the entire first season of #StarTrekDiscovery. All episodes now streaming exclusively on CBS All Access: https://t.c‚Ä¶,0.6369,0.245,0.0,0.755,Wed Mar 07 16:40:06 +0000 2018,"As Florida lawmakers prepare to vote on a measure aimed at boosting school safety, the state's Republican governor‚Ä¶ https://t.co/eFJ51SvXfO",-0.6369,0.0,0.276,0.724,Wed Mar 07 17:35:19 +0000 2018,".@HeyTammyBruce: Unchallenged liberalism leaves homelessness, drug abuse, garbage in its wake https://t.co/spgif91wB1",-0.5267,0.0,0.196,0.804,Wed Mar 07 15:39:39 +0000 2018,"RT @nytimesworld: Caught between two allies: The U.S. is under pressure from Turkey, a NATO member, to stop American-backed Kurdish forces‚Ä¶"
31,-0.0644,0.068,0.079,0.853,Tue Mar 06 15:30:10 +0000 2018,"Too many Lego bricks is a problem many parents will sympathise with, but now the toy firm itself has admitted it ha‚Ä¶ https://t.co/4J0whItWAN",0.0,0.0,0.0,1.0,Sun Feb 25 21:51:22 +0000 2018,"RT @thegoodfight: #TheGoodFight returns in 1 week. Season 2 premieres Sunday, March 4. https://t.co/nomCao1GWp https://t.co/BOn6bOe9Tb",-0.5267,0.096,0.196,0.708,Wed Mar 07 16:32:47 +0000 2018,The US government says it's sanctioning North Korea after deeming its government responsible for the murder of Kim‚Ä¶ https://t.co/3wr6NB87xq,0.0,0.0,0.0,1.0,Wed Mar 07 17:22:41 +0000 2018,".@POTUS: ""This is our time. This is our moment. Go get DACA. Go push those Democrats."" https://t.co/5LyKi7Rhdo",0.0,0.0,0.0,1.0,Wed Mar 07 15:37:05 +0000 2018,"In Opinion,

Op-Ed contributor John Quiggin writes, ""Dividing society by generation obscures the real and enduring‚Ä¶ https://t.co/WXt8afIYia"
32,0.6997,0.308,0.0,0.692,Tue Mar 06 14:44:33 +0000 2018,RT @bbccomedy: Nothing says welcome to the neighbourhood quite like everyone's favourite busybody üòÇ#TwoDoorsDown https://t.co/dClRm13dm9,0.5093,0.155,0.0,0.845,Fri Feb 23 18:15:40 +0000 2018,RT @thegoodfight: This is our new favorite thing. Christine Baranski debuted #TheGoodFight the Musical on @colbertlateshow last night! üéµüé§‚Ä¶,0.9274,0.457,0.0,0.543,Wed Mar 07 16:30:00 +0000 2018,.@iamwill says the definition of freedom is love. Tell us what freedom means to you using #MyFreedomDay‚Ä¶ https://t.co/hqVB3mVduc,0.5106,0.136,0.0,0.864,Wed Mar 07 17:20:24 +0000 2018,".@POTUS: ""When our people are free to live their lives and to follow their hearts, there is nothing, nothing at all‚Ä¶ https://t.co/PLpJygvgsV",0.2023,0.087,0.0,0.913,Wed Mar 07 15:33:05 +0000 2018,"Anatoly Lein, a Russian-born American chess grandmaster who was among the world's top 30 players at his peak, has d‚Ä¶ https://t.co/g5Lhw4W44i"
33,0.8439,0.336,0.0,0.664,Tue Mar 06 14:30:05 +0000 2018,"üçª Cheers to that! 

Pubs will be allowed to stay open later than usual to give everyone a chance to celebrate Princ‚Ä¶ https://t.co/K7toUnOwSG",0.0,0.0,0.0,1.0,Thu Feb 22 19:26:52 +0000 2018,"RT @LivinBiblically: Confession time: have YOU ever hit the ""close door"" button in an elevator while somebody was approaching? The cast of‚Ä¶",0.0,0.0,0.0,1.0,Wed Mar 07 16:20:13 +0000 2018,Students and teachers in West Virginia are back to school today for the first time in nearly two weeks after educat‚Ä¶ https://t.co/CynuWqAbyH,0.0,0.0,0.0,1.0,Wed Mar 07 17:17:36 +0000 2018,".@POTUS: ""After years of rebuilding other countries - and we have built a lot of countries - it's time to start bui‚Ä¶ https://t.co/lYAVJHSJLU",0.8481,0.414,0.0,0.586,Wed Mar 07 15:30:00 +0000 2018,"Balkrishna Doshi, 90, a pioneer of low-cost housing, was awarded the Pritzker Prize, architecture‚Äôs highest honor https://t.co/Vyaev36ebw"
34,0.7269,0.276,0.0,0.724,Tue Mar 06 13:48:06 +0000 2018,"Tickets, food wrappers and posters provide a fascinating insight into the creativity of North Korea, and the image‚Ä¶ https://t.co/oe4tZwlBJw",0.0,0.0,0.0,1.0,Wed Feb 21 19:20:04 +0000 2018,RT @CBSEyeSpeak: Mark your calendars! #CBSEyeSpeak kicks off March 14 with The EYE Speak Summit. Follow our page for more details! https://‚Ä¶,-0.3818,0.0,0.159,0.841,Wed Mar 07 16:10:07 +0000 2018,"Airbus announces it will move or cut 3,700 jobs across Europe because of reduced demand for its A380 superjumbo and‚Ä¶ https://t.co/7c8pREVwj0",0.0,0.0,0.0,1.0,Wed Mar 07 17:15:45 +0000 2018,".@POTUS: ""We're trying to have a DACA victory for everybody, by the way, and @TheDemocrats are nowhere to be found."" https://t.co/5gFedacT7G",0.4019,0.247,0.136,0.617,Wed Mar 07 15:18:03 +0000 2018,"When her father's request for ""compassionate release"" was finally approved, prison officials told her he'd be comin‚Ä¶ https://t.co/SWp3DsZjrD"
35,0.6246,0.293,0.102,0.605,Tue Mar 06 13:12:33 +0000 2018,"RT @bbcthree: No you can't cure depression with meditation, kale or by simply cheering up. https://t.co/gsM8lRX6N2",0.6808,0.248,0.0,0.752,Wed Feb 21 18:19:25 +0000 2018,"RT @CBSEyeSpeak: Proud to announce a new CBS initiative, promoting female empowerment and developing the next generation of leaders through‚Ä¶",0.0,0.0,0.0,1.0,Wed Mar 07 16:10:07 +0000 2018,Dating app Bumble is banning photos with guns from its platform https://t.co/LMahJTYlYO https://t.co/h9nLhSMklN,0.4215,0.213,0.091,0.696,Wed Mar 07 17:12:49 +0000 2018,".@POTUS: ""Over 4 million workers have already received tax cut bonuses and the number continues to grow every singl‚Ä¶ https://t.co/IvI4bwUCse",0.4215,0.128,0.0,0.872,Wed Mar 07 15:11:06 +0000 2018,EU officials unveiled an array of tariffs that they would place on American-made goods if the United States imposed‚Ä¶ https://t.co/raGb0ZOtvu
36,0.0,0.0,0.0,1.0,Tue Mar 06 13:11:26 +0000 2018,RT @BBCScotlandNews: A giant three-dimensional concrete map of Scotland is to be officially unveiled next month in the Borders https://t.co‚Ä¶,0.4404,0.116,0.0,0.884,Tue Feb 20 19:55:19 +0000 2018,"RT @LivinBiblically: When you're living by the Bible, it's good to have a priest and a rabbi on call (provided they answer their phones, th‚Ä¶",0.0,0.0,0.0,1.0,Wed Mar 07 16:01:44 +0000 2018,"BlackBerry sues Facebook, along with its subsidiaries WhatsApp and Instagram, for infringing on its messaging paten‚Ä¶ https://t.co/u9uQi1pYjA",0.25,0.105,0.0,0.895,Wed Mar 07 17:11:08 +0000 2018,".@POTUS: ""We've created nearly 3 million jobs since the election... Today we have more Hispanic Americans working t‚Ä¶ https://t.co/YgeBKEvQpK",0.0,0.0,0.0,1.0,Wed Mar 07 15:00:37 +0000 2018,Morning¬†Briefing: Here's what you need to know to start your day https://t.co/CTZm6dLWwI https://t.co/5LoYSE9X98
37,0.4404,0.132,0.0,0.868,Tue Mar 06 13:10:12 +0000 2018,"üëü‚ôªÔ∏è British designer Anna Bullus is on a mission to recycle chewing gum into useful objects, cleaning up our street‚Ä¶ https://t.co/WbBeJSXXqF",-0.4019,0.0,0.119,0.881,Tue Feb 20 17:58:18 +0000 2018,"RT @thegoodfight: Chicago lawyers are being hunted and the world is going insane. 

The new season of #TheGoodFight premieres Sunday, March‚Ä¶",0.2023,0.091,0.0,0.909,Wed Mar 07 15:51:29 +0000 2018,White House aide Kellyanne Conway is the latest of President Trump's top employees to receive an official reprimand‚Ä¶ https://t.co/QhJocNUVYK,0.5574,0.338,0.0,0.662,Wed Mar 07 17:08:09 +0000 2018,".@POTUS: ""The American dream is back and stronger than ever."" https://t.co/7bTimUkfJd",-0.0258,0.12,0.163,0.717,Wed Mar 07 14:50:11 +0000 2018,Jimmy Kimmel struck back at President Trump after Trump ribbed the Academy Awards show for its low ratings. Our lat‚Ä¶ https://t.co/vvXJEuZJ7Q
38,0.5994,0.187,0.0,0.813,Tue Mar 06 12:30:05 +0000 2018,What happened to the beautiful Opal Reef that was one of the stars of David Attenborough's #BluePlanet2? https://t.co/RMNYfrBbdK,0.3612,0.128,0.0,0.872,Tue Feb 20 17:39:51 +0000 2018,Ready for some larger than life competition? This new series from @MarkBurnettTV will premiere in summer 2018.‚Ä¶ https://t.co/gDXHLdIJ5v,-0.3818,0.0,0.194,0.806,Wed Mar 07 15:41:14 +0000 2018,"A 20-year-old man has filed a lawsuit against Dick's Sporting Goods, accusing the retailer of age discrimination fo‚Ä¶ https://t.co/3G5sWzM1iT",0.4404,0.146,0.0,0.854,Wed Mar 07 17:07:45 +0000 2018,".@POTUS: ""The Latino business community - and you folks are good business-people, I know that. I know that for a fa‚Ä¶ https://t.co/olUpbBNCmB",0.743,0.259,0.0,0.741,Wed Mar 07 14:40:09 +0000 2018,The United States Holocaust Memorial Museum has revoked a prestigious human rights award it had given to Daw Aung S‚Ä¶ https://t.co/a7VU7BS5Cz
39,0.7901,0.28,0.0,0.72,Tue Mar 06 10:18:16 +0000 2018,"RT @BBCSportWales: We could watch this all day! 

Welcome to the wonderful world of football analogies - starring @SwansOfficial manager Ca‚Ä¶",0.6124,0.227,0.0,0.773,Sat Feb 17 01:07:20 +0000 2018,"With tournament dreams on the line, make sure to stream these college basketball matchups on CBS All Access:‚Ä¶ https://t.co/SGkYUZrQWB",0.0,0.0,0.0,1.0,Wed Mar 07 15:41:10 +0000 2018,"Michelle Obama dances with Parker Curry, the little girl who was transfixed by a portrait of the former first lady‚Ä¶ https://t.co/CaIuufp2wn",0.0,0.0,0.0,1.0,Wed Mar 07 17:03:00 +0000 2018,.@POTUS delivers remarks at the Latino Coalition Legislative Summit https://t.co/TKX1PD7a4r,-0.4404,0.0,0.121,0.879,Wed Mar 07 14:30:05 +0000 2018,"Cynthia Nixon, the ""Sex and the City"" actress, is studying up on the subway: It's a weak spot for Governor Cuomo, w‚Ä¶ https://t.co/Xy67VISSG9"
40,0.4215,0.128,0.0,0.872,Tue Mar 06 09:00:05 +0000 2018,üêí‚ù§Ô∏è This baby chimp is being flown to a new home in DR Congo after it was rescued from poachers. https://t.co/rUZzDVLBt8,0.3182,0.108,0.0,0.892,Fri Feb 16 18:42:43 +0000 2018,"RT @LivinBiblically: While Chip's sticking to the Bible's original rules, the cast of #LivingBiblically has given them a more modern makeov‚Ä¶",-0.8934,0.0,0.401,0.599,Wed Mar 07 15:30:19 +0000 2018,"Cecil the lion ""suffered incredible cruelty for at least 10 hours"" before he died, according to a new book‚Ä¶ https://t.co/pvSCZGOooG",-0.296,0.0,0.121,0.879,Wed Mar 07 16:58:00 +0000 2018,"AG Sessions: ""Stop treating immigration agents differently of everybody else for the purpose of eviscerating border‚Ä¶ https://t.co/1gb6XkjKur",-0.3182,0.0,0.173,0.827,Wed Mar 07 14:15:08 +0000 2018,President Trump's claims are often contradicted by his own economic council https://t.co/y6Rrp52yFH
41,-0.2732,0.057,0.106,0.837,Tue Mar 06 08:30:10 +0000 2018,üíçüôÖ Crippling costs and parents' split-ups could be to blame for the declining number of marriages between men and w‚Ä¶ https://t.co/avVWNgx3jH,0.68,0.248,0.0,0.752,Fri Feb 16 17:48:20 +0000 2018,"Casting News! Peter Mark Kendall, Michael Gaston, Greg Wise, Rade ≈†erbed≈æija, Zack Pearlman, and Keye Chen join the‚Ä¶ https://t.co/GFob2KrD8H",0.0,0.0,0.0,1.0,Wed Mar 07 15:20:13 +0000 2018,"Commerce Secretary Wilbur Ross: We'll do tariffs ""without blowing up the world"" https://t.co/WXSvHqiL75 https://t.co/rVTWEflvhM",0.0,0.0,0.0,1.0,Wed Mar 07 16:56:00 +0000 2018,"AG Sessions: ""Here's my message to Mayor @LibbySchaaf: 'How dare you? How dare you needlessly endanger the lives of‚Ä¶ https://t.co/7jcbr55IET",0.3612,0.128,0.0,0.872,Wed Mar 07 14:00:14 +0000 2018,"""Turning off the buzzing breaking-news machine I carry in my pocket was like unshackling myself from a monster who‚Ä¶ https://t.co/uJoNbN2aeT"
42,0.5023,0.228,0.0,0.772,Tue Mar 06 08:03:02 +0000 2018,"We've all heard thunder before, but what does lightning sound like? ‚ö°Ô∏èü§îhttps://t.co/3BGKK7iukQ",0.8619,0.466,0.0,0.534,Wed Feb 14 19:23:27 +0000 2018,RT @BullCBS: The verdict is in...#Bull is the perfect Valentine! ‚ù§Ô∏è Happy #ValentinesDay! https://t.co/poEejI4AnC,0.0,0.0,0.0,1.0,Wed Mar 07 15:10:15 +0000 2018,The Democrat who will face off against Texas Sen. Ted Cruz in the Texas Senate race later this year is defending hi‚Ä¶ https://t.co/SEECQfNLRR,-0.0258,0.178,0.185,0.637,Wed Mar 07 16:47:26 +0000 2018,North Korean defector describes nation's perception of United States; @EricShawnTV reports. https://t.co/mKKu9NMxWG,-0.3875,0.0,0.141,0.859,Wed Mar 07 13:44:01 +0000 2018,Donald Trump intentionally never signed a nondisclosure agreement in 2016 so that he could later disavow knowledge‚Ä¶ https://t.co/QfnUpr91w9
43,0.0,0.0,0.0,1.0,Mon Mar 05 19:30:07 +0000 2018,üòÇ Who actually watched the #Oscars? https://t.co/opThFzy37n,0.0,0.0,0.0,1.0,Tue Feb 13 20:03:56 +0000 2018,"RT @NoActivityCBS: Car 27 reporting: Season 2 of #NoActivity coming soon!

Binge season one now on CBS All Access: https://t.co/yvxoQMeyhN‚Ä¶",0.25,0.143,0.0,0.857,Wed Mar 07 15:00:13 +0000 2018,Texas is poised to send its first 2 Latina politicians to Congress https://t.co/NMi2kAzU2r https://t.co/ObTYtraVkC,-0.5106,0.0,0.216,0.784,Wed Mar 07 16:44:35 +0000 2018,NBA owner Mark Cuban was investigated for sexually assaulting woman in 2011 https://t.co/CYJKuXgUCD,0.0,0.0,0.0,1.0,Wed Mar 07 13:30:20 +0000 2018,"Democrats in Texas's biggest cities came out in large numbers, but Republicans still cast more ballots over all https://t.co/W7zA9zgl9s"
44,-0.8555,0.0,0.408,0.592,Mon Mar 05 18:38:04 +0000 2018,"No meat. No fish. No eggs. No milk. No cheese. How hard is it to go vegan for a month? 

ü•¶ü•ëüçè Nesta McGregor investi‚Ä¶ https://t.co/1UBRGqIOp6",0.7506,0.252,0.0,0.748,Tue Feb 13 18:54:52 +0000 2018,"RT @LivinBiblically: Against all odds (and the advice of his God Squad), Chip is determined to live life by the Good Book. Think you could‚Ä¶",0.6597,0.221,0.0,0.779,Wed Mar 07 14:50:08 +0000 2018,Democrats were hoping to make a statement in last night's Texas primary. But the results make it clear that Texas s‚Ä¶ https://t.co/JEKdzaXsZT,-0.7351,0.0,0.237,0.763,Wed Mar 07 16:35:14 +0000 2018,"AG Sessions: ""According to Acting Dir. Homan, ICE failed to make 800 arrests that would have been made if the mayor‚Ä¶ https://t.co/Y8usTbNAHy",-0.5267,0.0,0.152,0.848,Wed Mar 07 13:14:06 +0000 2018,"For the first time, a Belgian criminal court has convicted a man of ""sexism in the public space,"" for verbally abus‚Ä¶ https://t.co/Akm6HzLB6C"
45,0.6124,0.263,0.0,0.737,Mon Mar 05 17:23:22 +0000 2018,"Like father, like daughter.

üòÇüî• @GordonRamsay's daughter has already mastered the art of the roast. https://t.co/0dqwntX5uj",0.0,0.0,0.0,1.0,Mon Feb 12 18:49:45 +0000 2018,RT @thegoodfight: Christine Baranski reflects upon the spectacular metamorphosis of her character in #TheGoodFight's first season. Revisit‚Ä¶,0.0,0.0,0.0,1.0,Wed Mar 07 14:40:08 +0000 2018,"White House senior adviser Jared Kushner is traveling to Mexico today for meetings, including one with Mexican Pres‚Ä¶ https://t.co/uLiYWzoHi2",0.1027,0.126,0.108,0.766,Wed Mar 07 16:33:11 +0000 2018,"AG Sessions: ""Open borders is a radical, irrational idea that cannot be accepted... The United States of America is‚Ä¶ https://t.co/M9B7keO3Pm",0.0,0.0,0.0,1.0,Wed Mar 07 13:00:32 +0000 2018,Morning¬†Briefing: Here's what you need to know to start your day https://t.co/uJRYazQhjP https://t.co/4H4BoT74GQ
46,0.4472,0.211,0.0,0.789,Mon Mar 05 17:15:34 +0000 2018,RT @BBCFOUR: The little mouse that inspired Pikachu is actually... a rabbit. https://t.co/mHCFFXczka,0.0,0.0,0.0,1.0,Mon Feb 12 01:32:33 +0000 2018,RT @startrekcbs: Binge the entire first season of #StarTrekDiscovery. All 15 episodes now streaming on CBS All Access: https://t.co/lKLaptP‚Ä¶,-0.296,0.0,0.099,0.901,Wed Mar 07 14:30:20 +0000 2018,More than 50 million people are under winter storm warnings and watches as a second nor'easter in the span of a wee‚Ä¶ https://t.co/6QWHjBgqo8,0.0,0.0,0.0,1.0,Wed Mar 07 16:25:29 +0000 2018,".@RepMattGaetz: ""In 2015, there was a federal court filing where Russian officials were calling Carter Page an idio‚Ä¶ https://t.co/vCLWurwE9C",-0.1531,0.085,0.113,0.802,Wed Mar 07 12:45:06 +0000 2018,"Gary Cohn, President Trump's top economic adviser, said that he would resign. His free-trade views clashed with Tru‚Ä¶ https://t.co/n3KOtz8jSg"
47,0.1531,0.105,0.077,0.818,Mon Mar 05 17:00:31 +0000 2018,"""I made a promise to our six-year-old lead actress that I would sign this speech. My hands are shaking a little bit‚Ä¶ https://t.co/HgFpUtHDTB",0.8478,0.304,0.0,0.696,Fri Feb 09 00:50:01 +0000 2018,RT @SuperiorDonuts: Looking for a #Valentine? Tush is here to help you land your dream date just in time for the day of love! #SuperiorDonu‚Ä¶,-0.4019,0.0,0.213,0.787,Wed Mar 07 14:20:17 +0000 2018,Rafael (Ted) Cruz justifies mocking Robert (Beto) O'Rourke's name https://t.co/TKG9SVXGOf https://t.co/jCKsukDvM7,0.0,0.0,0.0,1.0,Wed Mar 07 16:19:55 +0000 2018,Attorney General Jeff Sessions makes a major sanctuary jurisdiction announcement https://t.co/6zAQn2UOUj https://t.co/9B55owLNC1,0.0,0.0,0.0,1.0,Wed Mar 07 12:30:08 +0000 2018,Full results and maps from the Texas primaries https://t.co/WhLZDBW58T
48,0.0,0.0,0.0,1.0,Mon Mar 05 14:48:43 +0000 2018,"RT @BBCRadio4: As it's Hexagonal Phase approaches, a brief history of the Hitchhiker's Guide: https://t.co/Ehp9AfMyn8 #h2g2 https://t.co/9F‚Ä¶",-0.5859,0.0,0.186,0.814,Thu Feb 08 16:09:35 +0000 2018,RT @CBSBigBrother: The pressure is on as the Houseguests battle each other for victory in the first HOH competition. Stream the season prem‚Ä¶,0.4767,0.14,0.0,0.86,Wed Mar 07 14:11:31 +0000 2018,Genetic testing company 23andMe has been give federal approval to sell at-home kits that test for three breast canc‚Ä¶ https://t.co/upxStaWMiH,-0.6705,0.0,0.333,0.667,Wed Mar 07 16:15:35 +0000 2018,"Missouri officer killed, 2 wounded responding to 911 call https://t.co/HypEjnCtXg https://t.co/fGC2sXbkqN",0.0,0.0,0.0,1.0,Wed Mar 07 12:14:07 +0000 2018,A winter storm is set to blanket New York with snow this morning. Here's what you need to know for your commute: https://t.co/dElaiWOkhQ
49,-0.1779,0.0,0.145,0.855,Mon Mar 05 14:43:13 +0000 2018,RT @BBCFOUR: How did Julius Caesar hide his bald patch? https://t.co/SME5Dfwifj,0.0516,0.066,0.0,0.934,Wed Feb 07 18:35:19 +0000 2018,"RT @startrekcbs: Sunday, this season's epic journey reaches its final reckoning. Catch up before the season finale: https://t.co/4Ea5wpmAep‚Ä¶",0.0,0.0,0.0,1.0,Wed Mar 07 14:09:18 +0000 2018,Olympic figure skater Adam Rippon says he is now willing to meet with Vice President Mike Pence: ‚ÄúNow is the right‚Ä¶ https://t.co/kqtQ3Vd1fD,0.0,0.0,0.0,1.0,Wed Mar 07 16:09:30 +0000 2018,.@JerryBrownGov tweets about AG Jeff Sessons' visit to California. https://t.co/6zAQn2UOUj https://t.co/qwzHvX3HYS,0.4215,0.128,0.0,0.872,Wed Mar 07 12:00:28 +0000 2018,South Korean envoys said that North Korea was open to negotiations with the United States over its nuclear program https://t.co/DoRWBTTx3q
50,0.0,0.0,0.0,1.0,Mon Mar 05 14:42:36 +0000 2018,"RT @BBC_Teach: Thursday is #InternationalWomensDay

Reflecting on The Representation of the People Act with your class? @gemcairn traces th‚Ä¶",0.5574,0.312,0.152,0.536,Wed Feb 07 16:17:48 +0000 2018,"Are you a sucker for jaw-dropping talent competitions? Announcing The World's Best, a first-of-its-kind new global‚Ä¶ https://t.co/fagCMklm2Z",-0.4939,0.102,0.222,0.677,Wed Mar 07 14:00:06 +0000 2018,"What happened in Trump‚Äôs White House the day he said there was ""no chaos""

- Office of Special Counsel announces Ke‚Ä¶ https://t.co/p8cXl4KTLu",-0.2263,0.0,0.119,0.881,Wed Mar 07 16:05:19 +0000 2018,"COMING UP: AG Sessions expected to announce lawsuit against California over ""sanctuary state"" policies.‚Ä¶ https://t.co/lyp8UDAXIV",-0.128,0.113,0.134,0.753,Wed Mar 07 11:44:03 +0000 2018,Republicans fear that moving ahead with the tariffs could send the party ‚Äî not to mention the economy ‚Äî spiraling i‚Ä¶ https://t.co/0cuEHwIWWc
51,-0.6621,0.0,0.24,0.76,Mon Mar 05 14:11:28 +0000 2018,"RT @bbc5live: When you almost (accidentally) kill @Harry_Styles on the set of Dunkirk‚Ä¶ üò≥

 #Oscars https://t.co/G127l5yPkY",0.0,0.0,0.0,1.0,Tue Feb 06 22:21:39 +0000 2018,"RT @BullCBS: Tonight, one of these 3 TAC employees will end up incarcerated. Who do you think it will be? Tune into a new episode of #Bull‚Ä¶",0.0,0.0,0.0,1.0,Wed Mar 07 13:54:00 +0000 2018,"The world's oldest known message in a bottle has been found on an Australian beach, nearly 132 years after it was t‚Ä¶ https://t.co/wcef389Cpz",0.4019,0.197,0.0,0.803,Wed Mar 07 15:59:54 +0000 2018,"On @foxandfriends, @TomiLahren slammed the priorities of today's Democratic Party. https://t.co/fJMaI5NlPC https://t.co/EruzVc1p0L",0.0,0.0,0.0,1.0,Wed Mar 07 11:30:19 +0000 2018,Morning¬†Briefing: Here's what you need to know to start your day https://t.co/FQ9skfd8cD https://t.co/FOqSi6yT1I
52,0.0,0.0,0.0,1.0,Mon Mar 05 14:07:00 +0000 2018,"RT @cbbc: Which football clubs charge the most for their pies? Take the imPIErative quiz here ‚öΩÔ∏èüç¥ üëâ https://t.co/xlSch4HVvl

#BritishPieWee‚Ä¶",0.0772,0.121,0.106,0.773,Tue Feb 06 17:05:49 +0000 2018,"RT @thegoodfight: There's no season like lawyer season. #TheGoodFight returns March 4, exclusively on CBS All Access. https://t.co/XAlrg1nB‚Ä¶",0.0,0.0,0.0,1.0,Wed Mar 07 13:49:48 +0000 2018,"Barbie unveils dolls based on real-life figures including Amelia Earhart, Frida Kahlo, Katherine Johnson and Chloe‚Ä¶ https://t.co/0ns5aOabTe",-0.765,0.0,0.306,0.694,Wed Mar 07 15:52:37 +0000 2018,".@NancyPelosi slams California @ICEgov raid as 'unjust and cruel,' amid outcry over mayor's tipoff to immigrants
https://t.co/zvkVpNYiHy",0.4215,0.118,0.0,0.882,Wed Mar 07 11:13:02 +0000 2018,The Northeast United States is bracing for the second major winter storm in less than a week. A foot of snow is exp‚Ä¶ https://t.co/Jb1W82k8bd
53,0.0,0.0,0.0,1.0,Mon Mar 05 13:17:03 +0000 2018,"üê∂üíõ Little Ivor the Staffordshire puppy is deaf, but since learning sign language his life has changed for the bette‚Ä¶ https://t.co/vL83oBTAIL",0.0,0.0,0.0,1.0,Sun Feb 04 15:35:36 +0000 2018,"RT @thegoodfight: The acclaimed series returns in 1 month. #TheGoodFight is back Sunday, March 4. https://t.co/5BNLTYRd8p https://t.co/yInP‚Ä¶",0.0,0.0,0.0,1.0,Wed Mar 07 13:37:31 +0000 2018,Vice President Mike Pence hits the campaign trail https://t.co/PVEisp1cZd https://t.co/ffcnIQcdrU,0.0,0.0,0.0,1.0,Wed Mar 07 15:48:17 +0000 2018,.@seanspicer Blasts 'Carnival Barker' Jim @Acosta Over Twitter Spat With Sanders https://t.co/SmjFs04L2P,0.0,0.0,0.0,1.0,Wed Mar 07 11:00:26 +0000 2018,"RT @PatrickKingsley: On Sunday, Sergey Skripal seems to have turned right past the library, down an alleyway, past the gym on the left, ove‚Ä¶"
54,0.0,0.0,0.0,1.0,Mon Mar 05 13:07:19 +0000 2018,RT @BBCFood: #MeatFreeMonday + #BritishPieWeek = Lancashire cheese and onion pie üôå ü•ßüßÄ https://t.co/07cH2MESmI https://t.co/G79WTJJnKr,0.1531,0.118,0.0,0.882,Sun Feb 04 12:00:01 +0000 2018,".@KeshaRose's emotional performance with @CyndiLauper, @AndraDayMusic, @BebeRexha and @Camila_Cabello brought the a‚Ä¶ https://t.co/qpgS2e9ir0",-0.25,0.068,0.114,0.818,Wed Mar 07 13:23:59 +0000 2018,Chris Cuomo asks Sen. Ted Cruz why he‚Äôs criticizing his Democratic challenger Beto O‚ÄôRourke for going by the childh‚Ä¶ https://t.co/M3dkD762eG,0.2584,0.097,0.0,0.903,Wed Mar 07 15:38:21 +0000 2018,".@TGowdySC: ""I don't know why the bureau would use opposition research in a court filing and they didn't bother to‚Ä¶ https://t.co/9noNZPTapQ",0.0,0.0,0.0,1.0,Wed Mar 07 10:45:12 +0000 2018,How Trump's tariffs would affect Australia https://t.co/DxNa9Uoqdf
55,0.6369,0.189,0.0,0.811,Mon Mar 05 12:34:04 +0000 2018,"What is the best way to cope with adult acne? @BBCWomansHour asked dermatologist @DrAnjaliMahto to find out... 
üìªüëâ‚Ä¶ https://t.co/DxHxgWTslT",0.0,0.0,0.0,1.0,Sat Feb 03 23:11:43 +0000 2018,Broadway legend Patti LuPone paid tribute to Sir Andrew Lloyd Webber with a show-stopping rendition of the iconic s‚Ä¶ https://t.co/GxqLtUzhFP,-0.0772,0.0,0.14,0.86,Wed Mar 07 13:17:58 +0000 2018,"Sorry, Hollywood. Netflix rules the media world https://t.co/vpEG5W7BU8 https://t.co/uzscDmpMqw",0.8225,0.286,0.0,0.714,Wed Mar 07 15:35:04 +0000 2018,".@TomiLahren: ""I think [@tedcruz's] going to win. I think he's going to win big, as are the rest of the Republicans‚Ä¶ https://t.co/X6CPVJRZhE",0.296,0.112,0.071,0.816,Wed Mar 07 10:30:14 +0000 2018,"RT @nytimesworld: Millions of women and children work as sex slaves in India. Meet the woman who has put her life at risk to rescue 20,000‚Ä¶"
56,0.0,0.0,0.0,1.0,Mon Mar 05 12:33:12 +0000 2018,"RT @bbcgetinspired: It was a feat some doctors said was impossible. Then Roger Bannister came along.

The first man to run a four-minute mi‚Ä¶",0.8268,0.338,0.0,0.662,Sat Feb 03 12:00:07 +0000 2018,"Relive an entire night's worth of big wins, live performances and many more inspiring moments from The 60th Annual‚Ä¶ https://t.co/CH7mJ4Y3QT",-0.3182,0.0,0.155,0.845,Wed Mar 07 13:10:06 +0000 2018,"The production company behind ""Wolf of Wall Street"" will pay the US government $60 million to settle a lawsuit that‚Ä¶ https://t.co/cvMVBEIHla",-0.34,0.0,0.194,0.806,Wed Mar 07 15:29:33 +0000 2018,First women attend Marine Combat Training Course at Camp Pendleton. https://t.co/HEs7GW2I0E,-0.8714,0.0,0.42,0.58,Wed Mar 07 10:16:06 +0000 2018,"""Citizens have become traumatized. People are confused and frightened and many more are refusing to return to their‚Ä¶ https://t.co/3I9mkvKTWT"
57,0.4199,0.157,0.0,0.843,Mon Mar 05 11:54:02 +0000 2018,"üêãüèä What an experience!  
This is what it's like to go swimming with whales... 
#AmazingHotels https://t.co/ji90J6Olsj",-0.0772,0.0,0.075,0.925,Fri Feb 02 22:36:13 +0000 2018,RT @swatcbs: ‚ú®@TheTalkCBS' @TheRealEve and @ShemarMoore brought some serious heat to the GRAMMYs red carpet: https://t.co/WYTITKkLQd https:‚Ä¶,0.4588,0.19,0.0,0.81,Wed Mar 07 13:05:54 +0000 2018,"RT @CNNPolitics: Sen. Ted Cruz's Democratic challenger, Beto O'Rourke, says he was encouraged by last night's primary results https://t.co/‚Ä¶",-0.2263,0.0,0.112,0.888,Wed Mar 07 15:27:01 +0000 2018,Sen. @KamalaHarris slammed President @realDonaldTrump and his AG after the Trump @TheJusticeDept filed a lawsuit ag‚Ä¶ https://t.co/Lq8M7s1afE,0.4215,0.123,0.0,0.877,Wed Mar 07 10:00:10 +0000 2018,"George Nader, an adviser to the United Arab Emirates who grew close to Steve Bannon and Jared Kushner, is cooperati‚Ä¶ https://t.co/EGTzbbvr4L"
58,0.7845,0.33,0.0,0.67,Mon Mar 05 11:37:55 +0000 2018,"‚ù§Ô∏è Just adorable. 
How would you react if your daughter won an Oscar? 
#TheSilentChild #Oscars https://t.co/ienD3dDtKX",0.4019,0.144,0.0,0.856,Fri Feb 02 20:07:40 +0000 2018,"The all-star collaboration between @Rihanna, @DJKhaled and @brysontiller brought the party to the #GRAMMYs with a s‚Ä¶ https://t.co/jTv5QbtgUp",-0.7184,0.0,0.333,0.667,Wed Mar 07 13:04:04 +0000 2018,"In Trump's White House, the conflict is the chaos | Analysis by @zbyronwolf¬†https://t.co/nIOVMxFu6W https://t.co/UhglhCrQSx",0.0,0.0,0.0,1.0,Wed Mar 07 15:25:40 +0000 2018,House Democratic leaders hold a news conference https://t.co/NrVJtslqyd,0.4404,0.187,0.0,0.813,Wed Mar 07 09:44:01 +0000 2018,RT @nytimesworld: North Korea‚Äôs sudden willingness to bargain with the Trump administration over scrapping the North's atomic arsenal raise‚Ä¶
59,0.7717,0.251,0.0,0.749,Mon Mar 05 11:00:11 +0000 2018,"This year's #Oscars have been handed out at the 90th annual Academy Awards in Hollywood. Find out who won, and who‚Ä¶ https://t.co/ZxfsMpDVwd",0.4003,0.124,0.0,0.876,Fri Feb 02 19:03:33 +0000 2018,RT @TheTalkCBS: All the #redcarpet looks from the 60th annual #GRAMMYs! Did you catch @TheRealEve's sparkly two-piece suit? Diamond accents‚Ä¶,-0.0772,0.096,0.108,0.797,Wed Mar 07 12:59:37 +0000 2018,"RT @CNNPolitics: Sen. Ted Cruz defends his ad mocking Beto O'Rourke's name, saying it was meant to highlight the Democrat's liberal policy‚Ä¶",0.0,0.0,0.0,1.0,Wed Mar 07 15:22:07 +0000 2018,Trump Administration resignations/firings. https://t.co/xU9KZNRC6I,-0.8126,0.0,0.291,0.709,Wed Mar 07 09:30:06 +0000 2018,"UN investigators have linked Russian forces to a possible war crime in Syria for the first time, reporting that a R‚Ä¶ https://t.co/ynSAIA0FwQ"
60,0.8384,0.345,0.0,0.655,Mon Mar 05 10:42:57 +0000 2018,"RT @BBCCornwall: It's #StPiransDay - so cheers to everyone! #GoolPeranLowen üåÆ

Bit of fun .. complete this sentence ""You know you're #Corni‚Ä¶",0.6114,0.166,0.0,0.834,Fri Feb 02 17:23:18 +0000 2018,Go backstage with the celebs and see which stars celebrated the big night together! Here are the moments you missed‚Ä¶ https://t.co/rgQTXRQyLg,-0.5719,0.117,0.247,0.636,Wed Mar 07 12:49:47 +0000 2018,"Texas Sen. Ted Cruz: ""The extreme left right now is energized. They are angry. They hate the President... That bein‚Ä¶ https://t.co/MiLsFEYGb1",0.5267,0.18,0.0,0.82,Wed Mar 07 15:22:03 +0000 2018,"RT @FoxBusiness: .@POTUS: ""I like different points of view, but the White House has a tremendous energy and we have tremendous talent."" htt‚Ä¶",-0.5106,0.0,0.148,0.852,Wed Mar 07 09:16:04 +0000 2018,RT @nytimesworld: A jaywalker who insulted a female police officer has become the first man convicted under a Belgian law against public se‚Ä¶
61,0.8126,0.27,0.0,0.73,Mon Mar 05 10:42:50 +0000 2018,"RT @BBC6Music: ü•ü Gool Peran Lowen / Happy #StPiransDay to all of our 
‚Äòansom Cornish listeners. 

To celebrate Gwenno is in session for @la‚Ä¶",0.0,0.0,0.0,1.0,Thu Feb 01 22:04:41 +0000 2018,üé∂ @DearEvanHansen star Ben Platt gave a soaring performance of a classic Broadway hit. Watch him perform 'Somewhere‚Ä¶ https://t.co/HcuizFWo02,-0.1027,0.122,0.139,0.739,Wed Mar 07 12:43:05 +0000 2018,"The powerful ""bomb cyclone"" that battered the Northeast over the weekend also uncovered the wreckage of a ship that‚Ä¶ https://t.co/O0nvoa3xWF",0.128,0.081,0.0,0.919,Wed Mar 07 15:15:03 +0000 2018,TONIGHT: Attorney General Jeff Sessions sits down with @ShannonBream for an exclusive interview on ‚ÄúFox News @ Nigh‚Ä¶ https://t.co/iHUGv0EQga,-0.3875,0.0,0.208,0.792,Wed Mar 07 09:02:03 +0000 2018,"Stormy Daniels files suit, claiming Trump never signed ""hush agreement"" https://t.co/M7cjoMjSYQ"
62,0.0,0.0,0.0,1.0,Mon Mar 05 10:09:20 +0000 2018,"RT @BBCRD: Available now! üì≤ Download the #Civilisations Augmented Reality app @BBCTaster to explore classic art, objects, and artefacts fro‚Ä¶",0.0,0.0,0.0,1.0,Thu Feb 01 20:09:49 +0000 2018,"üé∏ @LittleBigTown, @U2, @BrunoMars and @Pink are just a few of the superstar performers that lit up the stage at The‚Ä¶ https://t.co/2v0MNYMItG",0.3818,0.126,0.0,0.874,Wed Mar 07 12:32:25 +0000 2018,"A onetime symbol of integrity, Megan Barry made history as Nashville's first female mayor. But she stepped down aft‚Ä¶ https://t.co/ozizgbE0hY",0.34,0.13,0.0,0.87,Wed Mar 07 15:14:59 +0000 2018,".@MarshaBlackburn: ""Secure the Southern border, end chain migration, end the diversity lottery, get this wall built‚Ä¶ https://t.co/2aoBbBjypT",-0.5994,0.0,0.187,0.813,Wed Mar 07 08:47:02 +0000 2018,"RT @nytimesworld: As North Korea opens the door to diplomacy, an assassination leads to new American sanctions https://t.co/5EbNUH1qLJ"
63,0.5267,0.227,0.0,0.773,Mon Mar 05 09:58:23 +0000 2018,RT @BBCRadio2: What'sthe first leg of @ZoeTheBall's epic Sport Relief challenge? üö≤ She updates @achrisevans on #HardestRoadHome @sportrelie‚Ä¶,0.1139,0.088,0.0,0.912,Wed Jan 31 21:42:15 +0000 2018,"Don't miss country stars Emmylou Harris and @ChrisStapleton perform a moving rendition of @TomPetty's classic song,‚Ä¶ https://t.co/GxoIW97XIu",0.0,0.0,0.0,1.0,Wed Mar 07 12:22:28 +0000 2018,A woman has found the world's oldest known message in a bottle after it washed up on an Australian beach. The messa‚Ä¶ https://t.co/DqSAOVsEhf,0.0,0.0,0.0,1.0,Wed Mar 07 15:10:37 +0000 2018,".@PressSec: ""[#GaryCohn's] been an integral member of the administration and he's going to continue to be a voice t‚Ä¶ https://t.co/RTI25d81hm",-0.3612,0.0,0.2,0.8,Wed Mar 07 08:32:07 +0000 2018,"Low-effort, high-reward cooking for when you're hungry and exhausted https://t.co/BisvP4ThKl https://t.co/BFtCXRh0IA"
64,0.7506,0.286,0.0,0.714,Mon Mar 05 09:30:07 +0000 2018,üé≠üé¨#Oscars outfits designed to dazzle - all the red carpet glamour from the 90th Academy Awards in pictures‚Ä¶ https://t.co/iMBBXl75k0,0.1007,0.135,0.115,0.75,Wed Jan 31 17:05:47 +0000 2018,RT @survivorcbs: Get excited! üôå It‚Äôs finally time to meet the castaways of #Survivor: Ghost Island ‚ò† https://t.co/xQQ8ROhKbM https://t.co/P‚Ä¶,0.0,0.0,0.0,1.0,Wed Mar 07 12:20:07 +0000 2018,"5 things for Wednesday:

- White House
- Immigration
- North Korea
- UK and Russia
- Weather‚Ä¶ https://t.co/JxyrsLSDqG",0.4404,0.195,0.0,0.805,Wed Mar 07 14:54:58 +0000 2018,'We're Always Faithful to One Another': Marine Donates Kidney to Fellow Marine https://t.co/7y99p7AeRE,0.0,0.0,0.0,1.0,Wed Mar 07 08:17:02 +0000 2018,RT @AKannapell: What We‚Äôre Reading: @JaneMayerNYer on Christopher Steele (via @jimrutenberg) and @nkulish on tallness in @topicstories (via‚Ä¶
65,0.0,0.0,0.0,1.0,Mon Mar 05 09:00:05 +0000 2018,üòç A rare pure-white stoat! https://t.co/VoR9jXJmk4,0.4588,0.188,0.0,0.812,Wed Jan 31 16:37:17 +0000 2018,"Country stars @EricChurch, @BrothersOsborne and @MarenMorris performed a touching tribute dedicated to the victims‚Ä¶ https://t.co/YCIq9i70fd",0.0,0.0,0.0,1.0,Wed Mar 07 12:10:01 +0000 2018,"The Northeast is getting another winter storm, just after a weekend nor'easter brought wind, snow and flooding to t‚Ä¶ https://t.co/I9eFuRo5zD",-0.9001,0.0,0.579,0.421,Wed Mar 07 14:51:45 +0000 2018,"Missouri police officer killed, 2 others wounded in shooting; suspect dead https://t.co/ah4FXgVmyL",0.4019,0.184,0.0,0.816,Wed Mar 07 08:09:43 +0000 2018,TRENDING: How Skipping Hotel Housekeeping Can Help the Environment and Your Wallet https://t.co/xygqPAPdZD
66,0.0,0.0,0.0,1.0,Mon Mar 05 08:30:04 +0000 2018,"Many personality traits can be observed but there are other hidden forces that shape who we are.
üëâ‚Ä¶ https://t.co/aTsldl7s1z",0.1779,0.126,0.095,0.779,Wed Jan 31 06:55:30 +0000 2018,Missed the Man vs. Beast #SuperBowlCommercials showdown? Catch up now to find out which entertaining ad was named t‚Ä¶ https://t.co/SlyO0n7yMX,0.0,0.0,0.0,1.0,Wed Mar 07 12:00:30 +0000 2018,Coca-Cola is launching an alcoholic drink in Japan https://t.co/MCpqpxSJT5 https://t.co/OwnrKWTpVh,-0.34,0.0,0.194,0.806,Wed Mar 07 14:22:32 +0000 2018,"20-year-old sues Dick's, Walmart over new gun policies (via @FoxBusiness) https://t.co/7yrhzGXh6U",0.0,0.0,0.0,1.0,Wed Mar 07 08:02:03 +0000 2018,"In one of China‚Äôs biggest cities, the women-only subway cars are full of men https://t.co/yvtLlhRESu"
67,0.0,0.0,0.0,1.0,Mon Mar 05 08:00:04 +0000 2018,"üêùüçØ How honey is collected.
#AmazingHotels https://t.co/UIJKlsamx5",-0.2263,0.179,0.252,0.569,Wed Jan 31 02:15:16 +0000 2018,"RT @rikimae: Ok, that one makes me cry #superbowlcommercials",0.0,0.0,0.0,1.0,Wed Mar 07 11:50:29 +0000 2018,The 2-year-old girl who was transfixed by a portrait of Michelle Obama last week got to meet the real person -- and‚Ä¶ https://t.co/wqJLhdblCt,0.2732,0.164,0.111,0.725,Wed Mar 07 14:13:21 +0000 2018,".@TGowdySC: ‚ÄúThe Department of Justice has a conflict, so they should not conduct this investigation‚Ä¶ I think speci‚Ä¶ https://t.co/VAjzWsCyiY",0.0,0.0,0.0,1.0,Wed Mar 07 07:38:54 +0000 2018,"The actress Cynthia Nixon is talking with 2 veteran Democratic political operatives, a sign that she may be moving‚Ä¶ https://t.co/DUSvcFYKbv"
68,0.4019,0.184,0.089,0.726,Sun Mar 04 20:11:35 +0000 2018,RT @BBCNewsbeat: Miss Piggy has some strong feelings about this year's #Oscars selection üôàüòÇ https://t.co/vzHGz8PtmD,-0.4767,0.0,0.256,0.744,Wed Jan 31 01:58:40 +0000 2018,"If this doesn‚Äôt make you cry, nothing will. #SuperBowlCommercials https://t.co/UjFf3xr4so",-0.4588,0.0,0.211,0.789,Wed Mar 07 11:42:05 +0000 2018,"""Dumpster fire"" is in the Merriam-Webster dictionary now, defined as ""an utterly calamitous or mismanaged situation‚Ä¶ https://t.co/DRFxVBlH8g",0.0,0.0,0.0,1.0,Wed Mar 07 14:05:08 +0000 2018,'It Makes Me Angry': Biden Says Some Dems 'Don't Get' Blue-Collar Voters https://t.co/fJMaI5NlPC,0.0,0.0,0.0,1.0,Wed Mar 07 07:21:27 +0000 2018,One famous designer chair is oozing goop. Another has exploded into puffs of foam. A bookcase‚Äôs shelves bubbled as‚Ä¶ https://t.co/3PXFWCB6Fn
69,0.8468,0.386,0.0,0.614,Sun Mar 04 19:00:05 +0000 2018,Sloths have survived for more than 60 million years - what makes them so successful?  https://t.co/H4BAA5kAOL,0.4939,0.256,0.119,0.625,Wed Jan 31 01:52:46 +0000 2018,"RT @maverickkr: #superbowlcommercials the frogs were great, I'd forgotten about that one.",-0.4939,0.083,0.229,0.688,Wed Mar 07 11:30:04 +0000 2018,"Gary Cohn's sudden resignation as President Trump's top economic adviser has rattled Wall Street, stoking fears the‚Ä¶ https://t.co/NUZqX4ZWo7",0.296,0.121,0.0,0.879,Wed Mar 07 14:02:08 +0000 2018,.@WVGovernor: ‚ÄúEvery aspect of what the Trump administration is doing is helping us in every way.‚Äù https://t.co/szzi9G6pzY,0.4404,0.132,0.0,0.868,Wed Mar 07 07:04:23 +0000 2018,"""It's always good news when you find penguins,"" a researcher says of the discovery of 1.5 million Ad√©lie penguins i‚Ä¶ https://t.co/RRHHQZW7LO"
70,0.4215,0.118,0.0,0.882,Sun Mar 04 18:59:39 +0000 2018,RT @BBCWorld: Watch this baby chimp being flown to a new home in DR Congo after it was rescued from poachers üêí‚ù§Ô∏è https://t.co/mZfGI8h6Gc,0.5093,0.19,0.0,0.81,Wed Jan 31 01:49:43 +0000 2018,"If you haven't voted yet, it's not too late! Choose your favorite here: https://t.co/s4pEIF5IX8‚Ä¶ https://t.co/VCa1YHDyYy",0.0,0.0,0.0,1.0,Wed Mar 07 11:23:56 +0000 2018,"The Trump administration has quietly said it will consider big game trophy imports on a ""case-by-case"" basis‚Ä¶ https://t.co/EYCc91kKuF",0.0,0.0,0.0,1.0,Wed Mar 07 13:47:05 +0000 2018,"RT @FoxBusiness: .@stevenmnuchin1: ""NAFTA is an old deal. [@POTUS] wants to renegotiate that deal."" https://t.co/QGgis0u789",0.4404,0.187,0.0,0.813,Wed Mar 07 06:48:04 +0000 2018,RT @nytimesworld: North Korea‚Äôs sudden willingness to bargain with the Trump administration over scrapping the North's atomic arsenal raise‚Ä¶
71,-0.3182,0.0,0.099,0.901,Sun Mar 04 18:00:09 +0000 2018,"üé¨üèÜ So you've got the critical acclaim, you've got the industry buzz, you might even have a Golden Globe in your dow‚Ä¶ https://t.co/WdGFOHrFMZ",0.8261,0.434,0.0,0.566,Wed Jan 31 01:31:27 +0000 2018,RT @5691e44f3b66446: I am having so much fun ...the commercials are awesome #superbowlcommercials,-0.1027,0.09,0.11,0.8,Wed Mar 07 10:56:16 +0000 2018,"Gary Cohn's sudden resignation as President Donald Trump's top economic adviser has rattled Wall Street, stoking fe‚Ä¶ https://t.co/WHgDWkDPLK",0.4767,0.227,0.0,0.773,Wed Mar 07 13:46:51 +0000 2018,"RT @FoxBusiness: .@stevenmnuchin1: ""This is about making sure that American companies have a level playing field."" https://t.co/Vp2VzPRena‚Ä¶",0.0,0.0,0.0,1.0,Wed Mar 07 06:41:56 +0000 2018,"Texas Democrats Surge to Polls, in Show of Anti-Trump Sentiment https://t.co/PBsqMXisUY"
72,0.4588,0.111,0.0,0.889,Sun Mar 04 16:57:46 +0000 2018,"RT @BBCWorld: What can we expect from the 90th Academy Awards? A lot has changed since last year. 

Here are eight reasons why the 2018 #Os‚Ä¶",0.8309,0.414,0.0,0.586,Wed Jan 31 01:29:10 +0000 2018,RT @LittleShelbyMae: Love watching the #superbowlcommercials all the animal ones are my favorite!!,-0.5574,0.0,0.247,0.753,Wed Mar 07 10:40:45 +0000 2018,Mississippi could be the first state with 15-week abortion ban https://t.co/eU8lTfOp2L https://t.co/a7oBl31scw,0.2023,0.096,0.0,0.904,Wed Mar 07 13:43:18 +0000 2018,".@SenatorTester: ‚ÄúDodd-Frank, when passed after the meltdown‚Ä¶ was an important piece of legislation to hold Wall St‚Ä¶ https://t.co/YqoFBhSHu2",-0.8316,0.132,0.496,0.372,Wed Mar 07 06:21:01 +0000 2018,The organizer of the failed Fyre Festival pleaded guilty to federal fraud charges https://t.co/qCeFSNOPKz
73,0.6369,0.189,0.0,0.811,Sun Mar 04 16:30:12 +0000 2018,"‚ù§Ô∏è After her double mastectomy, this woman found a unique way of learning to love her new breasts.
üëâ‚Ä¶ https://t.co/KAxQxkQEow",0.6588,0.386,0.0,0.614,Wed Jan 31 01:24:16 +0000 2018,RT @PatHale915: Doritos time machine was great!   #superbowlcommercials,-0.5759,0.0,0.208,0.792,Wed Mar 07 10:30:16 +0000 2018,"The porn star known as Stormy Daniels is suing President Trump, claiming that he never signed a hush agreement abou‚Ä¶ https://t.co/IPSNkHeZN7",0.0,0.0,0.0,1.0,Wed Mar 07 13:39:25 +0000 2018,.@SenatorTester: ‚ÄúI believe in the Second Amendment.‚Äù https://t.co/KZ4bm8cCtx,0.3182,0.145,0.086,0.769,Wed Mar 07 06:03:13 +0000 2018,"A cruise skeptic tries to enjoy 4 days on the high seas with his family, Mickey and a bunch of princesses https://t.co/novYdBgYIt"
74,0.3382,0.13,0.0,0.87,Sun Mar 04 15:30:29 +0000 2018,"He was almost a professional footballer! üòÆ

11 surprising things we learned from Matt Smith's Desert Island Discs:‚Ä¶ https://t.co/TMfwinexEB",-0.5106,0.0,0.398,0.602,Wed Jan 31 01:18:37 +0000 2018,Never make a goat angry. #SuperBowlCommercials https://t.co/xRJssdAErk,-0.9648,0.0,0.608,0.392,Wed Mar 07 10:24:04 +0000 2018,"Detained. Beaten. Threatened with acid, rape and abuse. But the women protesting Iran's compulsory hijab law are no‚Ä¶ https://t.co/stzgy7LKka",0.7269,0.303,0.0,0.697,Wed Mar 07 13:35:55 +0000 2018,".@SenatorTester: ‚ÄúWe need to work to keep our kids safe, while respecting the Second Amendment.‚Äù https://t.co/5TEVk4bFvX",0.4588,0.179,0.094,0.726,Wed Mar 07 05:47:04 +0000 2018,"RT @nytimestravel: Did @jadabird, our 52 Places Traveler, love @DisneySprings. No. But she did have some magical moments. https://t.co/eojt‚Ä¶"
75,0.1779,0.124,0.0,0.876,Sun Mar 04 15:00:06 +0000 2018,üç´ Meet the teenage chocolatier joining the ranks of Scotland's growing chocolate sector. https://t.co/FeIVc3FeZC,0.0,0.0,0.0,1.0,Wed Jan 31 01:17:37 +0000 2018,RT @MsLindsieStarr: That dang goat! #Doritos #superbowlcommercials,-0.5267,0.096,0.196,0.708,Wed Mar 07 09:59:28 +0000 2018,The US government says it's sanctioning North Korea after deeming its government responsible for the murder of Kim‚Ä¶ https://t.co/sicW5sp56a,-0.296,0.0,0.136,0.864,Wed Mar 07 13:31:14 +0000 2018,OPINION: Trump‚Äôs North Korea pressure campaign is working -- Here‚Äôs what must happen next https://t.co/kn5GqGIAE1,0.0,0.0,0.0,1.0,Wed Mar 07 05:32:02 +0000 2018,How the shape of your ears affects what you hear https://t.co/Dzj8tebpZE
76,0.0498,0.18,0.17,0.65,Sun Mar 04 14:03:03 +0000 2018,"Two landscape artists begin a romance whilst working at Versailles. ‚ù§Ô∏èÔ∏èüå∑üé¨

A Little Chaos | @BBCiPlayer |‚Ä¶ https://t.co/szKKosJ2K2",0.7525,0.349,0.0,0.651,Wed Jan 31 01:16:15 +0000 2018,Do you remember this Super Bowl commercial featuring @KevinHart4real playing an overprotective father?‚Ä¶ https://t.co/ejLnTEG5ug,0.5413,0.249,0.108,0.643,Wed Mar 07 09:47:40 +0000 2018,China's most popular social media app has amassed 1 billion users. But it's going to have trouble attracting anothe‚Ä¶ https://t.co/gBO0wEVKpB,0.2732,0.208,0.0,0.792,Wed Mar 07 13:29:54 +0000 2018,.@RepKevinBrady: The president feels strongly about trade. @foxandfriends https://t.co/7UksdtVPEx,0.3895,0.18,0.077,0.743,Wed Mar 07 05:17:02 +0000 2018,"RT @nytopinion: I got my son involuntarily committed, and it backfired. Laws like the Baker Act aren't a solution to our mental health cris‚Ä¶"
77,0.802,0.298,0.0,0.702,Sun Mar 04 13:46:48 +0000 2018,"RT @BBCSportWales: Can't get enough of this.

Welcome to the wonderful world of football analogies - starring @SwansOfficial manager Carlos‚Ä¶",0.0,0.0,0.0,1.0,Wed Jan 31 01:08:01 +0000 2018,RT @dRoy: Homework will take a break for now. #superbowlcommercials on cbs is on üëå,0.0,0.0,0.0,1.0,Wed Mar 07 09:35:03 +0000 2018,"The USS Carl Vinson has moored just off the coast of Da Nang, Vietnam. It is the first time a US Navy aircraft carr‚Ä¶ https://t.co/Re0BRv8AKu",-0.4019,0.0,0.252,0.748,Wed Mar 07 13:27:41 +0000 2018,"Plane crashes into Florida home, two people injured https://t.co/TKSV1YFHaq",0.0,0.0,0.0,1.0,Wed Mar 07 05:02:10 +0000 2018,Here's the 2018 election calendar https://t.co/eEQxkRTuXK
78,0.2263,0.101,0.0,0.899,Sun Mar 04 13:30:06 +0000 2018,"üçøüéû From #IsleOfDogs to #TombRaider, here are 9 films worth heading to the movies for in March. 
üëâ‚Ä¶ https://t.co/y1xGGocMuA",0.8516,0.58,0.0,0.42,Wed Jan 31 01:04:34 +0000 2018,RT @Mixxxalv: Watching #superbowlcommercials let the best win!,-0.796,0.0,0.262,0.738,Wed Mar 07 09:22:57 +0000 2018,"At least 78 people have died in Nigeria with hundreds more infected in an outbreak of Lassa fever, the Nigeria Cent‚Ä¶ https://t.co/itaVcs8lvo",0.4588,0.182,0.0,0.818,Wed Mar 07 13:19:38 +0000 2018,"Sgt. Bryan Weber: ‚ÄúOf course I‚Äôm going to want to do what I can, my part, to help him.‚Äù @foxandfriends https://t.co/qaDx16PN0H",-0.7717,0.168,0.518,0.314,Wed Mar 07 04:58:41 +0000 2018,Organizer of Failed Fyre Festival Pleads Guilty to Fraud https://t.co/trsShlQG88
79,0.0,0.0,0.0,1.0,Sun Mar 04 12:57:19 +0000 2018,"RT @BBCWomansHour: üëÄüé• @LadyBirdMovie's up for FIVE #Oscars this weekend üôå @Saoirse_Ronan talks to us about the film's appeal, her real-life‚Ä¶",0.8442,0.351,0.0,0.649,Wed Jan 31 01:00:35 +0000 2018,Super Bowl Greatest Commercials 2018 hosts @7BOOMERESIASON and @DanielaRuah are moments away from announcing the tw‚Ä¶ https://t.co/cKM1WXPc9u,-0.1027,0.122,0.139,0.739,Wed Mar 07 09:10:50 +0000 2018,"The powerful ""bomb cyclone"" that battered the Northeast over the weekend also uncovered the wreckage of a ship that‚Ä¶ https://t.co/y2NnFsg8dR",0.4404,0.139,0.0,0.861,Wed Mar 07 13:10:03 +0000 2018,"‚ÄúWe‚Äôre always faithful to one another. We don‚Äôt believe in leaving one behind.""

WATCH: U.S. Marine donates kidney‚Ä¶ https://t.co/w4pkPk4Cgj",0.0,0.0,0.0,1.0,Wed Mar 07 04:47:04 +0000 2018,"An employee at OpenTable booked hundreds of tables at Chicago restaurants, using a rival service, with the intent o‚Ä¶ https://t.co/83eBHqdn0t"
80,0.4939,0.118,0.0,0.882,Sun Mar 04 12:56:49 +0000 2018,"RT @BBCSport: There are for four gold medals up for grabs at the Track Cycling World Championships today. üôå

Watch the GB squad in action i‚Ä¶",0.923,0.406,0.0,0.594,Wed Jan 31 00:55:04 +0000 2018,It's Man vs. Beast as these classic Super Bowl spots face off tonight on Super Bowl Greatest Commercials 2018! Tune‚Ä¶ https://t.co/GcoSAcfeUd,-0.5759,0.0,0.208,0.792,Wed Mar 07 08:58:05 +0000 2018,"The porn star known as Stormy Daniels is suing President Trump, claiming that he never signed a hush agreement abou‚Ä¶ https://t.co/Cg3YmwcgKL",0.0,0.0,0.0,1.0,Wed Mar 07 12:47:15 +0000 2018,"Nor'easter may bring more than a foot of snow, power outages across Northeast (@travfed, @JaniceDean) https://t.co/aVOnnA2nKp",0.0,0.0,0.0,1.0,Wed Mar 07 04:32:05 +0000 2018,Texas primary election live results https://t.co/coi5RTaSHU
81,-0.765,0.0,0.28,0.72,Sun Mar 04 12:56:15 +0000 2018,"RT @BBCSport: After the shocking news of Davide Astori's death, all Serie A fixtures today have been called off.

üëâ https://t.co/rmqcHfLPUX‚Ä¶",0.5994,0.206,0.0,0.794,Wed Jan 31 00:37:20 +0000 2018,"Tonight, get a first look at #ChrisElliott starring in the new @AvosfromMexico Super Bowl Commercial on‚Ä¶ https://t.co/WMEjsZfgdg",-0.4404,0.051,0.16,0.789,Wed Mar 07 08:47:33 +0000 2018,This man's efforts to escape police went horribly wrong. He ditched his car but forgot to put it in park and was wi‚Ä¶ https://t.co/XG13ONmgaL,0.3597,0.122,0.0,0.878,Wed Mar 07 12:45:23 +0000 2018,Hector Barreto: This tax bill is really helping these small businesses and the workers of these small businesses.‚Ä¶ https://t.co/eFkSvBZvUw,-0.6249,0.0,0.242,0.758,Wed Mar 07 04:17:05 +0000 2018,"RT @MichaelPaulson: A ‚ÄòFrozen‚Äô bond: heartbreak, hard choices and high notes as Elsa and Anna arrive on Broadway. https://t.co/0YzLqsZ0ex"
82,0.7003,0.225,0.0,0.775,Sun Mar 04 12:55:43 +0000 2018,"RT @BBC6Music: üé¨ Let's settle this, what's the greatest ever movie soundtrack or score?

This Sunday from 6-8pm #NP6Music is warming up for‚Ä¶",0.8834,0.407,0.0,0.593,Wed Jan 31 00:11:53 +0000 2018,"Join @NCISLA's @DanielaRuah and @7BOOMERESIASON on Super Bowl Greatest Commercials 2018, tonight at 8/7c on CBS and‚Ä¶ https://t.co/nzVu1FCRc5",0.4767,0.14,0.0,0.86,Wed Mar 07 08:31:05 +0000 2018,Genetic testing company 23andMe has been give federal approval to sell at-home kits that test for three breast canc‚Ä¶ https://t.co/dKO2wwWv1v,0.4767,0.22,0.0,0.78,Wed Mar 07 12:41:09 +0000 2018,Seattle homeless man rejoices after judge rules his truck is a home https://t.co/GSG46X6UC9,0.0,0.0,0.0,1.0,Wed Mar 07 04:02:02 +0000 2018,"On the 20th anniversary of ‚ÄúThe Big Lebowski,‚Äù here's a list of streamable movies that follow in the footsteps of e‚Ä¶ https://t.co/q75khuckpv"
83,0.0,0.0,0.0,1.0,Sun Mar 04 12:33:04 +0000 2018,üé¨ An aspiring writer decides to focus on the story of Mississippi's black maids - much to the consternation of her‚Ä¶ https://t.co/bDLqgAXBfk,0.8553,0.276,0.0,0.724,Tue Jan 30 23:35:01 +0000 2018,Everyone knows the best part of the Super Bowl is the commercials! Find out how to tune in and vote for your favori‚Ä¶ https://t.co/KGDYl9oF98,0.0,0.0,0.0,1.0,Wed Mar 07 08:26:23 +0000 2018,"Barbie unveils dolls based on real-life figures including Amelia Earhart, Frida Kahlo, Katherine Johnson and Chloe‚Ä¶ https://t.co/ie8mF1w7fl",0.0,0.0,0.0,1.0,Wed Mar 07 12:38:19 +0000 2018,.@POTUS to speak at Latino Coalition summit https://t.co/vrFGKlrgxn,-0.3875,0.0,0.208,0.792,Wed Mar 07 03:48:08 +0000 2018,"Stormy Daniels files suit, claiming Trump never signed ""hush agreement"" https://t.co/PMNv95mel1"
84,0.0,0.0,0.0,1.0,Sun Mar 04 12:00:07 +0000 2018,"Feeding time! üç¥ü¶à
#AmazingHotels https://t.co/SnOXnczSAF",0.8553,0.306,0.0,0.694,Tue Jan 30 21:19:22 +0000 2018,Throw it back to this classic Michael Jordan vs. Larry Bird spot tonight on Super Bowl Greatest Commercials 2018! W‚Ä¶ https://t.co/g2H4zV7wIN,0.0,0.0,0.0,1.0,Wed Mar 07 08:01:03 +0000 2018,Lego sales have dropped for the first time in 13 years https://t.co/xuBwV6VbIB https://t.co/FdTxH8HIfI,-0.2732,0.0,0.16,0.84,Wed Mar 07 12:34:39 +0000 2018,.@Judgenap on DOJ suing California over 'interference' with immigration enforcement https://t.co/6zAQn2UOUj‚Ä¶ https://t.co/atP0wou5mR,-0.3818,0.0,0.106,0.894,Wed Mar 07 03:36:04 +0000 2018,"In the fight for equality, the U.S. women‚Äôs soccer team has emerged as a new kind of role model for women‚Äôs teams f‚Ä¶ https://t.co/o7rvCNUag2"
85,0.0,0.0,0.0,1.0,Sun Mar 04 11:54:09 +0000 2018,"RT @BBCEarth: In some parts of the ocean, it‚Äôs estimated that there are over half a million pieces of plastic for every square kilometre
#B‚Ä¶",0.9215,0.391,0.0,0.609,Tue Jan 30 18:46:04 +0000 2018,"Super Bowl Greatest Commercials 2018 airs tonight! Cast your vote now, then tune in and vote for the winner live at‚Ä¶ https://t.co/h4jGpUheP5",-0.2263,0.0,0.091,0.909,Wed Mar 07 08:00:36 +0000 2018,"Britain's Boris Johnson says the UK would respond ""robustly"" if Russia is found to be behind the suspected poisonin‚Ä¶ https://t.co/mIObjrPMEY",0.0,0.0,0.0,1.0,Wed Mar 07 12:29:47 +0000 2018,The slain Missouri police officer was identified as 30-year-old Christopher Ryan Morton https://t.co/ah4FXgVmyL,0.7003,0.264,0.0,0.736,Wed Mar 07 03:26:04 +0000 2018,RT @mattbpurdy: This is an important development. A possible link between the United Arab Emirates and Trump is helping Mueller in a new ph‚Ä¶
86,0.0,0.0,0.0,1.0,Sun Mar 04 11:34:05 +0000 2018,Sir Roger Bannister: First man to run a mile in under four minutes dies at 88. https://t.co/CpLdZchwqi https://t.co/l7ujJ3kHE6,0.0,0.0,0.0,1.0,Tue Jan 30 16:00:02 +0000 2018,Remember when @robinthicke and Lil Wayne (@liltunechi) joined jazz legends on stage at the 51st #GRAMMYs? Watch thi‚Ä¶ https://t.co/2l8gBdOrli,0.0,0.0,0.0,1.0,Wed Mar 07 07:44:49 +0000 2018,"Matsushima Bay, one of Japan's fabled three most scenic places, is made up of 260 islands. And the area also has so‚Ä¶ https://t.co/aB3c3cFzw1",-0.4805,0.0,0.273,0.727,Wed Mar 07 12:17:21 +0000 2018,Wild otter attacks 77-year-old Florida kayaker: 'It didn't want to come off' https://t.co/gHGFSq80gA,-0.7506,0.0,0.274,0.726,Wed Mar 07 03:17:06 +0000 2018,"RT @nytpolitics: President Trump was infuriated by Gary Cohn‚Äôs decision to resign, denouncing him in private conversations as a ‚Äúglobalist‚Äù‚Ä¶"
87,0.5141,0.322,0.0,0.678,Sun Mar 04 11:00:02 +0000 2018,‚ù§Ô∏èüëè Two-year-old Daisy is a little litter-picking hero. https://t.co/EiYuQkQUlU,0.5994,0.187,0.0,0.813,Tue Jan 30 04:03:31 +0000 2018,"Tomorrow, catch a sneak peek of the incredible @TiffanyHaddish in her first Super Bowl Commercial for @Groupon on‚Ä¶ https://t.co/RlehujNvFN",0.3182,0.103,0.0,0.897,Wed Mar 07 07:31:04 +0000 2018,McDonald's announces that Quarter Pounders in every US store except for ones in Hawaii and Alaska will have fresh b‚Ä¶ https://t.co/lyDCDRpgjc,0.0,0.0,0.0,1.0,Wed Mar 07 12:14:41 +0000 2018,"Harry Kazianis: ""I think President Trump deserves an A+ for his North Korea policy."" @foxandfriends‚Ä¶ https://t.co/770prYWV03",0.0,0.0,0.0,1.0,Wed Mar 07 03:02:06 +0000 2018,"‚ÄúWho made history?‚Äù chanted the throng of red-clad West Virginia teachers, who had defied state officials by stagin‚Ä¶ https://t.co/QSW38TPcPi"
88,0.657,0.285,0.0,0.715,Sun Mar 04 10:33:01 +0000 2018,Would you be able to resist this perfect layer of snow? üòÇ‚ùÑÔ∏èüå®https://t.co/36rTZveWl5,0.6908,0.289,0.0,0.711,Tue Jan 30 03:17:51 +0000 2018,Rapper @Logic301 delivered a poignant message of hope to conclude his powerful performance with @alessiacara and‚Ä¶ https://t.co/elSqZExRtN,0.6249,0.163,0.0,0.837,Wed Mar 07 07:30:05 +0000 2018,Sakura -- or cherry blossoms -- are one of the enduring symbols of Japan. Here are some great destinations to exper‚Ä¶ https://t.co/pPEQGYh4SG,0.0,0.0,0.0,1.0,Wed Mar 07 12:06:05 +0000 2018,.@JaniceDean gives an update on the weather on @foxandfriends https://t.co/avC80LOTDy https://t.co/mJb9UfIrxh,0.0,0.0,0.0,1.0,Wed Mar 07 02:47:04 +0000 2018,Texas primary election live results https://t.co/359hlxZEqI
89,0.0,0.0,0.0,1.0,Sun Mar 04 09:30:03 +0000 2018,"üç≥ü•ì Before you fry up your full English this morning, did you know just 1.5 sausages could reduce your lifespan by 3‚Ä¶ https://t.co/TXZAcIZKVH",0.0,0.0,0.0,1.0,Tue Jan 30 02:12:15 +0000 2018,Even our host @JKCorden was starstruck when Broadway icon Patti LuPone performed at The #GRAMMYs! https://t.co/YJhNBllFh6,-0.802,0.0,0.298,0.702,Wed Mar 07 07:09:30 +0000 2018,"A police officer was killed and two others injured during a shooting at a residence in Missouri on Tuesday night, a‚Ä¶ https://t.co/XYX7snpwLa",-0.6917,0.0,0.276,0.724,Wed Mar 07 11:55:04 +0000 2018,".@TomiLahren: ""This sheriff placing illegal immigrants over police officers, Texans aren't going to like it. Americ‚Ä¶ https://t.co/Oqqh3mG9XM",0.3818,0.133,0.0,0.867,Wed Mar 07 02:32:03 +0000 2018,"2-year-old Parker Curry, who captivated the internet with her reaction to Michelle Obama‚Äôs official portrait, got t‚Ä¶ https://t.co/gvKUu4Bp0O"
90,0.6249,0.255,0.0,0.745,Sat Mar 03 21:21:40 +0000 2018,"RT @BBCRadio4: üéß Looking for a new podcast?
üìª Loads of great ideas right here...
https://t.co/DJbWsiWc2D",-0.296,0.0,0.115,0.885,Tue Jan 30 01:29:06 +0000 2018,Childish Gambino serenaded the crowd with his smooth vocals in this mesmerizing performance. Watch him perform 'Ter‚Ä¶ https://t.co/TkWZP7PS22,0.0772,0.061,0.0,0.939,Wed Mar 07 07:01:07 +0000 2018,"Over 1.3 million live animals and plants, and a similar number of animal skins, have been exported from Africa to A‚Ä¶ https://t.co/xrHyzDsyt4",0.0,0.0,0.0,1.0,Wed Mar 07 11:43:48 +0000 2018,".@TomiLahren: ‚ÄúI think that there are enough conservatives, enough Republicans in Texas to keep it red.‚Äù‚Ä¶ https://t.co/zb70uQwEsG",0.6597,0.296,0.173,0.531,Wed Mar 07 02:18:04 +0000 2018,RT @samdolnick: Matthew Ornstein was my childhood best friend. He died because of severe gaps in our mental health care system. His very sm‚Ä¶
91,0.296,0.167,0.0,0.833,Sat Mar 03 19:36:06 +0000 2018,RT @bbcthree: Your regular reminder that Louis Theroux is a national treasure. https://t.co/vxTqbCttuQ,0.0,0.0,0.0,1.0,Tue Jan 30 00:11:05 +0000 2018,.@OfficialSting and @shaggy757 joined together to bring their upbeat reggae vibes to Madison Square Garden. Watch t‚Ä¶ https://t.co/iqq0DbM1IR,-0.5574,0.0,0.247,0.753,Wed Mar 07 06:45:12 +0000 2018,Mississippi could be the first state with 15-week abortion ban https://t.co/K44D5iQJSa https://t.co/XYIwT6YDis,0.0,0.0,0.0,1.0,Wed Mar 07 11:36:00 +0000 2018,"Study claiming Uber, Lyft drivers made $3.37 per hour gets revised upward https://t.co/yERGAABOJg #fntech (via @christocarbone)",0.3182,0.166,0.102,0.732,Wed Mar 07 02:06:53 +0000 2018,Breaking News: The Justice Department is suing California over immigration laws that oppose President Trump's agend‚Ä¶ https://t.co/EneN6FIURj
92,0.1695,0.17,0.11,0.72,Sat Mar 03 19:00:05 +0000 2018,üéßüòé Some people just don't want to stop raving. https://t.co/agXVmmgVKZ,0.3818,0.115,0.0,0.885,Mon Jan 29 22:45:21 +0000 2018,Superstar @Pink left it all on the stage last night in a simply stunning performance that brought the crowd to thei‚Ä¶ https://t.co/B9Tj5INcNu,0.0,0.0,0.0,1.0,Wed Mar 07 06:41:49 +0000 2018,"Cruz vs. O'Rourke is set, but 3 House races head to runoffs in Texas primary https://t.co/20SNN2YQmL https://t.co/b5qn7BgQXr",-0.6486,0.075,0.255,0.669,Wed Mar 07 11:28:59 +0000 2018,"Dr. Domenick Sportelli: ""It's an important part of social development to lose, to get frustrated, to be disappointe‚Ä¶ https://t.co/3VwTkMWM36",0.0,0.0,0.0,1.0,Wed Mar 07 02:02:05 +0000 2018,Evening Briefing: Here's what you need to know at the end of the day https://t.co/ordmqNjItR
93,-0.7717,0.0,0.271,0.729,Sat Mar 03 18:00:16 +0000 2018,"""You can‚Äôt dress it up. I said: ‚ÄòMummy‚Äôs died‚Äô""

üíî Sky Sports anchor @SimonThomasSky, who lost his wife to cancer o‚Ä¶ https://t.co/63Q2Wb37oX",0.5093,0.162,0.079,0.758,Mon Jan 29 22:10:15 +0000 2018,Check out these photos of the night's best backstage moments you didn't see on TV! Here's what you missed at The 60‚Ä¶ https://t.co/6TBI8NV8JJ,-0.3182,0.0,0.141,0.859,Wed Mar 07 06:39:42 +0000 2018,Trump teeters on the edge of a familiar North Korean trap | Analysis by @StCollinson https://t.co/ODUETpLhes https://t.co/sbdYukPjB2,-0.4404,0.0,0.209,0.791,Wed Mar 07 11:25:31 +0000 2018,Man in suit attacks straphanger at Times Square subway station: cops https://t.co/9UwQ3g41L4,-0.8316,0.132,0.496,0.372,Wed Mar 07 01:47:01 +0000 2018,The organizer of the failed Fyre Festival pleaded guilty to federal fraud charges https://t.co/Evw6Deugfe
94,0.0,0.0,0.0,1.0,Sat Mar 03 17:58:00 +0000 2018,"RT @BBCWorld: Come on Eileen. üëèüëèüëè

https://t.co/KLrG8nMMJl",0.0,0.0,0.0,1.0,Mon Jan 29 20:00:04 +0000 2018,The dapper duo of @itstonybennett and @johnlegend brought down the #GRAMMYs house with an impromptu duet.‚Ä¶ https://t.co/ucRrAFk59f,-0.5267,0.096,0.196,0.708,Wed Mar 07 06:35:07 +0000 2018,The US government says it's sanctioning North Korea after deeming its government responsible for the murder of Kim‚Ä¶ https://t.co/dReKNZhIMa,0.4939,0.151,0.0,0.849,Wed Mar 07 11:14:27 +0000 2018,"Just in time for International Women‚Äôs Day, Barbie is releasing an entire collection of dolls inspired by boundary-‚Ä¶ https://t.co/hgzYJBbUGp",0.2732,0.286,0.155,0.559,Wed Mar 07 01:32:07 +0000 2018,Your yard might play a surprisingly large role in fighting climate change https://t.co/ZtShJ61GEc
95,0.0,0.0,0.0,1.0,Sat Mar 03 17:57:56 +0000 2018,RT @BBCFood: CHOCOLATE CAKE KLAXON üì£ https://t.co/u1wNGs8Vtm https://t.co/UOi707IOaG,0.7783,0.286,0.0,0.714,Mon Jan 29 19:00:05 +0000 2018,üé∂@BrunoMars worked his 24K Magic to become the night's biggest winner. See his #GRAMMYs acceptance speech for Album‚Ä¶ https://t.co/dXzjWH0myx,0.7003,0.326,0.0,0.674,Wed Mar 07 06:31:07 +0000 2018,"Inspired by her travels, this artist paints stunning pictures on tea bags https://t.co/7ajfYCzNRi https://t.co/4Kg4vM1yKy",-0.0572,0.145,0.162,0.692,Wed Mar 07 11:10:35 +0000 2018,S. Korean president says talks won't ease pressure on North https://t.co/aymMFkNpPr,0.0,0.0,0.0,1.0,Wed Mar 07 01:17:07 +0000 2018,Texas primary election live results https://t.co/jVvL9hRsF8
96,-0.6705,0.0,0.256,0.744,Sat Mar 03 17:46:46 +0000 2018,"RT @BBCBreaking: One person suffers ""self-inflicted gun shot wound"" outside the White House, US Secret Service says https://t.co/Bv5sB11BSC",0.9259,0.442,0.0,0.558,Mon Jan 29 18:00:02 +0000 2018,When your win at The #GRAMMYs feels like 24K Magic! Congratulations to @BrunoMars for taking home six awards this y‚Ä¶ https://t.co/UhWCE8OKfK,-0.4588,0.0,0.15,0.85,Wed Mar 07 06:21:13 +0000 2018,The Taliban banned women from being journalists in Afghanistan. Now the country has an all-female television networ‚Ä¶ https://t.co/tFriI2F1XB,0.5994,0.323,0.129,0.547,Wed Mar 07 11:07:32 +0000 2018,OPINION: Prayers and a happiness journal -- How a mom found hope after losing twins https://t.co/VFBYtIztc5,0.0,0.0,0.0,1.0,Wed Mar 07 01:02:06 +0000 2018,"RT @nytgraphics: Watch live results from the Texas primaries, starting at 8 p.m. Eastern. https://t.co/CzTGFtmpUy"
97,0.0,0.0,0.0,1.0,Sat Mar 03 17:00:03 +0000 2018,‚ù§Ô∏è A mum's tribute to her son Tristan who has Asperger's syndrome. https://t.co/LTZ02FX24V,0.0,0.0,0.0,1.0,Mon Jan 29 17:15:04 +0000 2018,‚ú®@LadyGaga's stripped-down performance soared on the #GRAMMYs stage. See all the night's performances here:‚Ä¶ https://t.co/Dw6xSzeeGC,0.0,0.0,0.0,1.0,Wed Mar 07 06:01:03 +0000 2018,"The Trump administration has quietly said it will consider big game trophy imports on a ""case-by-case"" basis‚Ä¶ https://t.co/HBZBMkgmny",0.0,0.0,0.0,1.0,Wed Mar 07 10:59:26 +0000 2018,The first McDonald's menu ever is revealed https://t.co/olaXrEq902,0.0,0.0,0.0,1.0,Wed Mar 07 00:51:04 +0000 2018,Keep this page open for Texas primary election results when they come in https://t.co/A2mSbaV3BH
98,0.0,0.0,0.0,1.0,Sat Mar 03 16:00:08 +0000 2018,"üíÄ Less than one-10th of 1% of all species that have ever lived became fossils. 

But from skipping a coffin to avoi‚Ä¶ https://t.co/20s85EmMhJ",0.5106,0.163,0.0,0.837,Mon Jan 29 16:00:05 +0000 2018,"Relive epic GRAMMY rock performances from @Metallica, @beck, @coldplay and more on @AppleMusic. Start your free tri‚Ä¶ https://t.co/xmkaZGjlMM",-0.2263,0.0,0.091,0.909,Wed Mar 07 05:57:08 +0000 2018,"Britain's Boris Johnson says the UK would respond ""robustly"" if Russia is found to be behind the suspected poisonin‚Ä¶ https://t.co/AMIiaud1IO",0.1027,0.142,0.121,0.737,Wed Mar 07 10:57:59 +0000 2018,".@Judgenap: ""I am critical of special counsels generally, because they go all over the place.""‚Ä¶ https://t.co/mAOL3xL8xk",0.7269,0.243,0.0,0.757,Wed Mar 07 00:47:01 +0000 2018,"RT @nytimesbooks: Gabriel Garcia Marquez wrote ""Love in the Time of Cholera"" as a nostalgic exploration of his parents' courtship. The auth‚Ä¶"
99,0.0,0.0,0.0,1.0,Sat Mar 03 15:26:56 +0000 2018,"RT @bbcpress: üìª üìñ @IanMcKellen, @francesbarber13 and Simon Russell Beale star in a new adaptation of #ParadiseLost @BBCRadio4 - https://t.c‚Ä¶",0.1531,0.086,0.0,0.914,Mon Jan 29 15:00:03 +0000 2018,"The #GRAMMYs were full of emotional performances, stirring speeches, and jaw-dropping fashion. See all the red carp‚Ä¶ https://t.co/yqpOW9tWm3",0.0,0.0,0.0,1.0,Wed Mar 07 05:46:04 +0000 2018,"Barbie unveils dolls based on real-life figures including Amelia Earhart, Frida Kahlo, Katherine Johnson and Chloe‚Ä¶ https://t.co/8XiANn14pu",-0.4767,0.0,0.162,0.838,Wed Mar 07 10:51:47 +0000 2018,"Teens who stole motor oil quickly arrested after getaway car runs out of gas, police say https://t.co/TBgnYuHkRd",0.0,0.0,0.0,1.0,Wed Mar 07 00:32:06 +0000 2018,"Porsche has introduced a new all-electric vehicle, attempting to go head-to-head with Tesla https://t.co/XpKWkdqQQo"
